competition,season,teams,main_role,player_id,player_name,presences,matches_started,full_matches,minutes_played,substitutions_in,substitutions_out,yellow_cards,red_cards,shots_attempted,shots_on_target,goals,xg_total,assists,key_passes,passes_attempted,passes_completed,progressive_passes,crosses,switches,carries_attempted,carry_distance_total,progressive_carries,carries_to_penalty_area,dribbles_attempted,dribbles_completed,duels_attempted,duels_won,interceptions_attempted,interceptions_won,blocks,clearances,ball_recoveries,pressures,dispossessed,fouls_committed,fouls_won,own_goals,gk_goals_conceded,gk_shots_faced,gk_saves,gk_penalties_saved,gk_clean_sheet
Germany - 1. Bundesliga,2015/2016,['Augsburg'],Goalkeeper,42462,Alexander Manninger,2,1,1,100,1,0,0,0,0,0,0,0.0,0,0,36,25,26,0,0,12,59.31,0,0,0,0,1,0,0,0,0,0,4,0,0,0,0,0,3,8,2,0,1
Germany - 1. Bundesliga,2015/2016,['Augsburg'],Goalkeeper,8314,Marwin Hitz,33,33,32,3111,0,1,2,0,0,0,0,0.0,0,1,1229,795,911,0,28,590,4095.79,104,0,0,0,1,0,0,0,2,1,157,5,0,0,9,0,49,351,126,1,11
Germany - 1. Bundesliga,2015/2016,['Augsburg'],Right Back,9400,Daniel Opare,4,4,4,379,0,0,2,0,2,0,0,0.05,0,2,138,89,47,7,4,99,618.66,9,2,14,6,8,0,5,2,7,9,23,47,6,6,7,0,0,0,0,0,0
Germany - 1. Bundesliga,2015/2016,['Augsburg'],Right Back,8237,Paul Verhaegh,25,25,24,2308,0,1,8,0,10,7,6,5.19,2,16,1325,1064,366,46,37,804,3717.82,59,5,9,6,69,5,23,6,52,67,89,247,9,13,19,1,0,0,0,0,0
Germany - 1. Bundesliga,2015/2016,['Augsburg'],Right Center Back,40543,Hong Jeong-Ho,23,19,16,1804,4,3,4,0,15,6,2,1.46,0,3,919,776,279,2,82,676,3314.03,36,1,2,2,67,4,16,4,44,129,63,156,2,24,14,0,0,0,0,0,0
Germany - 1. Bundesliga,2015/2016,['Augsburg'],Right Center Back,22826,Jan-Ingwer Callsen-Bracker,10,8,8,784,2,0,1,0,5,1,1,0.24,0,1,346,291,96,0,23,256,1291.53,13,0,0,0,27,3,7,3,26,63,28,81,0,14,4,0,0,0,0,0,0
Germany - 1. Bundesliga,2015/2016,['Augsburg'],Right Center Back,8318,Jeffrey Gouweleeuw,11,11,10,1039,0,0,2,1,2,2,0,0.76,0,3,511,403,195,1,32,376,2338.57,45,0,3,2,51,5,9,2,25,64,24,121,1,17,6,0,0,0,0,0,0
Germany - 1. Bundesliga,2015/2016,['Augsburg'],Left Center Back,4174,Ragnar Klavan,31,31,30,2921,0,1,2,0,9,4,0,0.84,0,6,1501,1266,440,2,89,1129,7239.51,112,1,2,2,78,12,26,12,53,187,95,284,4,24,16,0,0,0,0,0,0
Germany - 1. Bundesliga,2015/2016,['Augsburg'],Left Back,4279,Konstantinos Stafylidis,11,8,6,726,3,2,2,0,10,4,1,0.28,0,3,381,268,132,21,21,234,1297.77,18,0,8,6,32,6,15,5,27,41,43,97,7,10,6,0,0,0,0,0,0
Germany - 1. Bundesliga,2015/2016,['Augsburg'],Left Back,40480,Markus Feulner,18,10,8,1148,8,2,5,0,13,4,1,0.84,0,7,441,316,111,23,10,321,1803.59,31,12,21,11,56,8,9,5,20,29,67,259,23,30,20,0,0,0,0,0,0
Germany - 1. Bundesliga,2015/2016,['Augsburg'],Left Back,8319,Philipp Max,26,23,20,2190,3,3,3,0,8,2,0,0.18,0,14,1031,761,268,66,35,635,3982.57,94,2,9,4,91,5,26,9,44,62,87,368,11,36,21,0,0,0,0,0,0
Germany - 1. Bundesliga,2015/2016,['Augsburg'],Right Defensive Midfield,24117,Christoph Janker,11,3,1,413,8,2,2,0,1,0,0,0.04,0,0,150,124,32,0,5,98,444.51,3,0,1,0,13,2,5,1,6,15,14,63,3,10,7,0,0,0,0,0,0
Germany - 1. Bundesliga,2015/2016,['Augsburg'],Right Defensive Midfield,8207,Dominik Kohr,31,30,17,2596,1,13,12,0,23,2,0,1.21,2,5,1124,860,285,5,55,753,4028.11,63,5,25,10,123,14,43,13,79,75,107,667,21,78,51,0,0,0,0,0,0
Germany - 1. Bundesliga,2015/2016,"['Augsburg', 'FSV Mainz 05']",Right Defensive Midfield,5627,Koo Ja-Cheol,29,24,17,2191,5,8,6,0,40,16,8,3.46,1,26,843,666,116,16,23,714,4031.11,57,26,41,28,102,11,20,11,51,24,143,474,43,39,51,0,0,0,0,0,0
Germany - 1. Bundesliga,2015/2016,['Augsburg'],Right Defensive Midfield,49081,Sascha Mölders,4,0,0,44,4,0,0,0,2,0,0,0.14,0,0,7,2,1,0,0,5,14.64,0,0,1,0,5,0,0,0,1,0,1,8,1,4,0,0,0,0,0,0,0
Germany - 1. Bundesliga,2015/2016,['Augsburg'],Left Defensive Midfield,8317,Daniel Baier,28,28,19,2411,0,9,7,0,18,6,1,0.69,2,48,1511,1123,443,20,71,933,5378.33,84,3,16,10,90,9,42,18,42,64,162,378,20,34,49,0,0,0,0,0,0
Germany - 1. Bundesliga,2015/2016,['Augsburg'],Right Wing,29001,Albian Afrim Ajeti,1,0,0,42,1,0,0,0,0,0,0,0.0,0,0,8,6,1,0,0,7,30.02,0,0,0,0,2,0,0,0,0,0,2,2,1,2,0,0,0,0,0,0,0
Germany - 1. Bundesliga,2015/2016,['Augsburg'],Right Wing,8574,Alexander Esswein,29,22,6,1868,7,16,1,0,47,13,3,2.19,1,29,568,377,65,66,12,535,4746.62,100,35,58,30,69,9,17,6,38,9,87,406,20,37,37,0,0,0,0,0,0
Germany - 1. Bundesliga,2015/2016,['Augsburg'],Center Attacking Midfield,40462,Halil Altıntop,19,15,5,1244,4,10,1,0,14,3,1,1.69,2,13,378,298,61,3,12,342,2011.9,33,9,19,11,49,5,3,0,9,9,52,263,26,13,18,0,0,0,0,0,0
Germany - 1. Bundesliga,2015/2016,['Augsburg'],Center Attacking Midfield,9408,Jan Morávek,11,3,0,431,8,3,0,0,6,1,1,0.62,0,5,177,136,26,1,5,119,552.04,8,4,5,2,24,1,3,1,9,4,21,164,9,10,2,0,0,0,0,0,0
Germany - 1. Bundesliga,2015/2016,['Augsburg'],Center Attacking Midfield,12302,Ji Dong-Won,21,7,3,855,14,4,2,0,13,3,0,1.23,0,13,308,230,44,10,11,247,1558.62,29,11,15,5,44,6,3,3,22,5,45,228,15,27,13,0,0,0,0,0,0
Germany - 1. Bundesliga,2015/2016,['Augsburg'],Center Attacking Midfield,26790,Piotr Trochowski,5,2,0,160,3,2,0,0,6,1,0,0.27,0,3,77,60,17,1,4,61,275.52,2,2,1,0,3,0,1,1,0,0,12,40,1,5,5,0,0,0,0,0,0
Germany - 1. Bundesliga,2015/2016,['Augsburg'],Left Wing,8303,Caiuby,26,25,22,2328,1,3,11,0,67,25,4,4.03,4,33,771,493,131,30,19,648,4868.63,81,38,75,45,175,9,17,7,59,47,130,489,50,66,39,0,0,0,0,0,0
Germany - 1. Bundesliga,2015/2016,['Augsburg'],Left Wing,400620,Tobias Werner,13,7,4,752,6,3,2,0,22,4,0,2.17,1,15,193,116,35,17,17,114,689.21,11,11,8,5,19,1,8,3,17,8,28,97,1,10,7,0,0,0,0,0,0
Germany - 1. Bundesliga,2015/2016,['Augsburg'],Center Forward,5514,Alfred Finnbogason,14,13,9,1175,1,4,3,0,33,19,7,6.31,1,12,292,203,23,6,3,252,1366.08,22,35,23,11,63,3,8,4,22,11,43,287,26,25,12,0,0,0,0,0,0
Germany - 1. Bundesliga,2015/2016,['Augsburg'],Center Forward,8807,Raúl Bobadilla,27,19,7,1882,8,11,3,1,61,23,4,5.82,2,26,506,384,52,20,26,596,3645.99,58,50,69,41,69,10,9,6,29,18,96,332,62,45,65,0,0,0,0,0,0
Germany - 1. Bundesliga,2015/2016,['Augsburg'],Center Forward,7852,Tim Matavž,11,3,3,417,8,0,1,0,12,3,0,1.27,0,4,71,43,6,8,0,65,385.44,7,4,6,5,40,0,1,1,6,1,13,105,7,4,12,0,0,0,0,0,0
Germany - 1. Bundesliga,2015/2016,['Bayer Leverkusen'],Goalkeeper,15581,Bernd Leno,33,33,33,3126,0,0,0,0,0,0,0,0.0,0,2,1092,707,738,0,14,576,3061.09,44,0,0,0,0,0,0,0,2,0,178,8,1,0,3,1,38,203,99,1,13
Germany - 1. Bundesliga,2015/2016,['Bayer Leverkusen'],Goalkeeper,400627,Dario Kresic,1,1,0,47,0,1,0,0,0,0,0,0.0,0,0,18,11,17,0,0,4,10.04,0,0,0,0,0,0,0,0,0,0,0,1,0,0,0,0,1,7,1,0,0
Germany - 1. Bundesliga,2015/2016,['Bayer Leverkusen'],Goalkeeper,401501,David Yelldell,1,0,0,49,1,0,0,0,0,0,0,0.0,0,0,20,6,19,0,1,7,38.75,0,0,0,0,0,0,0,0,0,0,4,0,0,0,0,0,1,10,1,0,0
Germany - 1. Bundesliga,2015/2016,['Bayer Leverkusen'],Right Back,8918,Roberto Hilbert,12,9,5,811,3,4,1,0,4,1,0,0.15,1,6,467,299,164,19,18,294,1876.38,35,4,23,16,41,4,15,7,23,40,45,148,9,15,7,0,0,0,0,0,0
Germany - 1. Bundesliga,2015/2016,['Bayer Leverkusen'],Right Back,6309,Tin Jedvaj,15,11,5,1000,4,5,6,1,3,1,0,0.07,0,4,470,321,152,11,7,265,1940.34,47,8,13,7,50,6,18,5,31,35,43,177,7,17,13,0,0,0,0,0,0
Germany - 1. Bundesliga,2015/2016,['Bayer Leverkusen'],Right Center Back,8221,Jonathan Tah,29,29,28,2698,0,1,2,0,15,1,0,1.26,0,4,1194,951,380,1,26,838,5368.46,79,2,16,8,86,9,49,22,57,136,208,312,13,25,26,0,0,0,0,0,0
Germany - 1. Bundesliga,2015/2016,['Bayer Leverkusen'],Left Center Back,9363,André Ramalho,19,11,11,1232,8,0,5,0,8,0,0,0.57,0,1,612,499,176,1,22,431,2635.91,35,3,5,5,61,9,16,3,32,67,55,191,5,18,8,0,0,0,0,0,0
Germany - 1. Bundesliga,2015/2016,['Bayer Leverkusen'],Left Center Back,8313,Kyriakos Papadopoulos,16,10,8,1014,6,1,4,1,12,3,0,1.44,0,2,381,282,109,0,8,188,758.96,9,2,3,2,58,2,13,2,25,57,37,126,2,18,6,0,0,0,0,0,0
Germany - 1. Bundesliga,2015/2016,['Bayer Leverkusen'],Left Center Back,8573,Ömer Toprak,19,17,11,1467,2,6,2,0,11,6,1,1.63,0,6,722,554,239,0,20,462,2841.53,36,1,8,6,72,5,33,15,46,78,97,177,3,24,13,0,0,0,0,0,0
Germany - 1. Bundesliga,2015/2016,['Bayer Leverkusen'],Left Back,8211,Benjamin Henrichs,9,5,5,585,4,0,1,0,0,0,0,0.0,1,2,237,169,75,0,0,133,797.22,14,0,2,2,39,8,19,9,17,23,34,118,5,9,11,0,0,0,0,0,0
Germany - 1. Bundesliga,2015/2016,['Bayer Leverkusen'],Left Back,20415,Sebastian Boenisch,8,7,5,568,1,1,1,1,8,1,1,0.27,0,3,383,250,138,11,10,203,928.21,13,3,6,5,31,3,14,7,22,18,36,81,2,8,6,0,0,0,0,0,0
Germany - 1. Bundesliga,2015/2016,['Bayer Leverkusen'],Left Back,8212,Wendell,28,26,23,2536,2,2,10,1,18,3,0,0.74,0,18,1584,1201,394,39,24,997,6250.53,138,18,39,18,122,9,66,16,74,85,188,465,33,61,42,0,0,0,0,0,0
Germany - 1. Bundesliga,2015/2016,['Bayer Leverkusen'],Right Defensive Midfield,8805,Christoph Kramer,28,28,25,2511,0,3,3,0,9,2,0,0.6,1,14,1558,1283,276,16,28,1150,6934.21,128,36,39,21,127,18,16,3,61,37,190,635,57,42,38,0,0,0,0,0,0
Germany - 1. Bundesliga,2015/2016,['Bayer Leverkusen'],Right Defensive Midfield,8969,Lars Bender,11,11,7,915,0,4,3,0,11,4,1,0.79,1,6,545,421,128,4,8,339,1673.66,24,3,11,6,62,6,12,4,29,23,53,244,5,21,13,0,0,0,0,0,0
Germany - 1. Bundesliga,2015/2016,['Bayer Leverkusen'],Right Defensive Midfield,24428,Vladlen Yurchenko,7,3,0,308,4,3,2,0,5,2,1,0.27,0,3,156,124,37,0,6,105,445.67,3,1,0,0,19,1,9,1,8,5,12,62,4,9,3,0,0,0,0,0,0
Germany - 1. Bundesliga,2015/2016,['Bayer Leverkusen'],Left Defensive Midfield,8210,Charles Aránguiz,7,5,5,509,2,0,1,0,12,3,2,1.42,1,4,224,165,56,5,11,152,707.34,11,4,2,2,17,1,6,3,18,10,34,142,5,16,14,0,0,0,0,0,0
Germany - 1. Bundesliga,2015/2016,"['Bayer Leverkusen', 'Borussia Dortmund']",Left Defensive Midfield,8222,Kevin Kampl,23,19,17,1847,4,2,4,0,27,13,3,2.01,2,15,1050,848,217,15,26,942,6436.25,138,31,38,24,63,9,26,13,53,16,171,406,27,37,21,0,0,0,0,0,0
Germany - 1. Bundesliga,2015/2016,['Bayer Leverkusen'],Left Defensive Midfield,21168,Marlon Frey,9,2,0,277,7,2,1,0,9,1,0,0.41,0,0,97,69,30,0,3,67,438.46,7,2,5,4,10,0,4,0,6,6,16,48,2,6,2,0,0,0,0,0,0
Germany - 1. Bundesliga,2015/2016,['Bayer Leverkusen'],Right Midfield,5555,Julian Brandt,29,18,7,1706,11,11,0,0,30,16,9,4.55,3,29,735,544,65,26,17,677,5310.11,126,45,56,28,68,2,10,7,28,8,95,354,41,12,24,0,0,0,0,0,0
Germany - 1. Bundesliga,2015/2016,['Bayer Leverkusen'],Right Midfield,8213,Karim Bellarabi,33,31,16,2698,2,15,5,0,72,25,6,5.51,11,31,875,577,118,67,20,1051,8416.1,200,103,144,75,82,21,22,9,60,8,181,637,105,70,69,0,0,0,0,0,0
Germany - 1. Bundesliga,2015/2016,['Bayer Leverkusen'],Left Midfield,8219,Admir Mehmedi,28,14,7,1438,14,7,2,0,26,9,2,2.07,5,27,564,424,77,25,15,553,3380.3,63,32,44,32,71,6,3,0,34,8,76,315,41,32,22,0,0,0,0,0,0
Germany - 1. Bundesliga,2015/2016,['Bayer Leverkusen'],Left Midfield,7039,Hakan Çalhanoğlu,31,27,14,2347,4,13,1,0,86,31,3,5.33,5,74,1457,997,313,86,116,1105,5958.36,86,36,54,31,109,12,9,2,64,32,142,475,45,34,34,0,0,0,0,0,0
Germany - 1. Bundesliga,2015/2016,['Bayer Leverkusen'],Left Wing,3083,Son Heung-Min,1,1,0,64,0,1,0,0,2,0,0,0.42,0,0,18,14,2,1,0,24,128.13,3,5,3,1,1,1,1,1,1,1,5,12,5,1,0,0,0,0,0,0,0
Germany - 1. Bundesliga,2015/2016,['Bayer Leverkusen'],Left Center Forward,11394,Stefan Kießling,30,19,14,2011,11,5,1,0,40,17,5,8.3,3,10,634,398,66,6,4,443,1998.2,33,36,42,15,201,8,8,5,35,22,84,389,48,48,74,0,0,0,0,0,0
Germany - 1. Bundesliga,2015/2016,['Bayer Leverkusen'],Center Forward,3058,Javier Hernández Balcázar,28,25,14,2253,3,11,6,0,64,31,17,11.54,2,24,549,407,47,23,17,510,2533.28,40,50,45,22,85,3,6,4,16,4,59,261,37,26,60,0,0,0,0,0,0
Germany - 1. Bundesliga,2015/2016,['Bayern Munich'],Goalkeeper,5570,Manuel Neuer,34,34,33,3124,0,1,0,0,0,0,0,0.0,0,0,1288,1071,658,0,38,780,3222.14,10,0,2,2,0,0,0,0,1,1,140,1,0,0,2,0,16,164,63,0,21
Germany - 1. Bundesliga,2015/2016,['Bayern Munich'],Goalkeeper,8208,Sven Ulreich,1,0,0,41,1,0,0,0,0,0,0,0.0,0,0,18,12,13,0,0,12,67.88,0,0,0,0,0,0,0,0,0,0,2,0,0,0,0,0,1,8,2,0,0
Germany - 1. Bundesliga,2015/2016,['Bayern Munich'],Right Back,19295,Philipp Lahm,26,25,20,2256,1,5,3,0,10,4,1,1.03,1,46,2127,1924,311,37,36,1577,8001.67,147,31,15,10,55,6,19,7,27,40,107,207,8,11,21,0,0,0,0,0,0
Germany - 1. Bundesliga,2015/2016,['Bayern Munich'],Right Back,8209,Rafinha,25,18,15,1817,7,3,7,0,10,3,0,0.36,2,15,1920,1755,260,40,36,1518,6585.74,110,3,21,9,51,6,23,5,34,29,102,165,8,23,25,0,0,0,0,0,0
Germany - 1. Bundesliga,2015/2016,['Bayern Munich'],Right Center Back,9399,Javi Martínez,16,11,10,1158,5,1,2,0,14,2,1,1.98,1,5,907,811,144,4,14,680,3783.93,72,3,2,0,44,8,12,4,20,37,46,119,7,16,15,0,0,0,0,0,0
Germany - 1. Bundesliga,2015/2016,['Bayern Munich'],Right Center Back,5579,Joshua Kimmich,22,15,13,1477,7,2,3,0,7,4,0,0.37,2,7,1527,1408,329,7,44,1274,7569.65,143,2,12,10,51,6,11,5,22,21,88,215,5,17,29,0,0,0,0,0,0
Germany - 1. Bundesliga,2015/2016,['Bayern Munich'],Right Center Back,5578,Jérôme Boateng,19,17,8,1388,2,8,4,1,7,1,0,0.23,3,9,1285,1100,417,11,85,1009,5689.04,100,3,4,4,28,2,13,5,18,48,64,75,2,12,5,0,0,0,0,0,0
Germany - 1. Bundesliga,2015/2016,['Bayern Munich'],Right Center Back,5244,Medhi Benatia,14,11,8,1012,3,3,2,0,9,2,1,1.31,1,1,822,740,136,0,7,650,2974.16,31,1,4,4,28,1,23,6,13,42,69,88,0,16,8,0,0,0,0,0,0
Germany - 1. Bundesliga,2015/2016,['Bayern Munich'],Left Center Back,8220,David Alaba,30,27,26,2579,3,1,2,0,28,6,1,0.96,0,18,2536,2340,426,31,46,2086,13226.1,300,11,12,7,55,3,22,12,40,59,164,206,11,11,22,0,0,0,0,0,0
Germany - 1. Bundesliga,2015/2016,['Bayern Munich'],Left Center Back,9406,Holger Badstuber,7,5,4,483,2,1,0,0,2,1,0,0.18,0,1,395,357,75,1,16,289,1535.82,23,0,0,0,13,0,2,0,2,14,15,38,2,3,2,0,0,0,0,0,0
Germany - 1. Bundesliga,2015/2016,['Bayern Munich'],Left Center Back,400984,Serdar Taşçı,3,3,1,222,0,2,1,0,1,0,0,0.04,0,0,194,173,34,0,0,153,1106.92,22,0,1,1,7,0,5,0,4,2,9,22,0,4,1,0,0,0,0,0,0
Germany - 1. Bundesliga,2015/2016,['Bayern Munich'],Left Back,15651,Juan Bernat,16,13,11,1197,3,2,2,0,9,2,0,0.53,1,7,948,845,120,18,13,740,3327.46,57,11,27,14,42,4,13,9,32,24,62,125,27,11,16,0,0,0,0,0,0
Germany - 1. Bundesliga,2015/2016,['Bayern Munich'],Center Defensive Midfield,20133,Xabi Alonso,26,23,15,2005,3,7,6,1,13,5,0,0.45,2,39,2351,2105,477,16,83,1657,6479.01,88,2,5,3,91,11,11,2,29,35,99,347,8,40,40,1,0,0,0,0,0
Germany - 1. Bundesliga,2015/2016,['Bayern Munich'],Right Midfield,8218,Arjen Robben,15,14,6,1124,1,8,1,0,51,18,4,6.09,1,24,620,495,69,26,16,562,4728.0,118,68,34,19,13,1,3,2,13,3,42,106,24,4,15,0,0,0,0,0,0
Germany - 1. Bundesliga,2015/2016,['Bayern Munich'],Right Midfield,8217,Kingsley Coman,23,20,13,1733,3,7,0,0,36,14,4,3.49,6,31,878,704,53,98,22,986,7660.44,198,74,92,63,41,3,5,4,24,6,78,292,55,13,59,0,0,0,0,0,0
Germany - 1. Bundesliga,2015/2016,['Bayern Munich'],Right Center Midfield,8206,Arturo Vidal,30,24,14,2111,6,10,3,0,51,18,4,4.03,5,42,2027,1822,247,21,66,1598,6263.78,80,16,15,9,130,23,19,5,55,34,118,448,20,67,38,0,0,0,0,0,0
Germany - 1. Bundesliga,2015/2016,['Bayern Munich'],Right Center Midfield,22824,Sebastian Rode,15,3,2,446,12,1,1,0,7,1,1,0.82,1,2,311,273,36,2,2,240,1137.63,17,12,5,4,17,1,2,1,6,4,24,91,8,11,5,0,0,0,0,0,0
Germany - 1. Bundesliga,2015/2016,['Bayern Munich'],Left Center Midfield,9091,Miloš Pantović,1,0,0,3,1,0,0,0,0,0,0,0.0,0,0,1,1,1,0,0,2,5.93,0,0,0,0,0,0,0,0,0,0,0,0,1,0,0,0,0,0,0,0,0
Germany - 1. Bundesliga,2015/2016,['Bayern Munich'],Left Center Midfield,5208,Thiago Alcântara,27,16,11,1714,11,5,2,0,31,10,2,2.63,3,32,1590,1396,264,16,69,1344,6826.12,94,17,56,42,83,14,22,10,28,13,112,324,37,40,45,0,0,0,0,0,0
Germany - 1. Bundesliga,2015/2016,['Bayern Munich'],Right Wing,5837,Douglas Costa,27,23,13,2034,4,10,1,0,64,26,4,3.21,9,36,1118,812,116,114,54,1136,10088.31,239,61,116,59,34,2,11,3,34,3,108,285,51,26,26,0,0,0,0,0,0
Germany - 1. Bundesliga,2015/2016,['Bayern Munich'],Center Attacking Midfield,8227,Mario Götze,14,11,7,977,3,4,1,0,17,12,3,2.65,4,14,547,470,36,18,6,489,2986.45,66,33,27,18,33,2,4,2,15,2,35,246,29,24,16,0,0,0,0,0,0
Germany - 1. Bundesliga,2015/2016,['Bayern Munich'],Center Attacking Midfield,5562,Thomas Müller,31,26,16,2425,5,10,4,0,92,46,20,16.83,3,57,1112,846,128,51,18,898,4336.83,88,115,49,29,108,5,11,5,37,16,80,330,60,29,35,0,0,0,0,0,0
Germany - 1. Bundesliga,2015/2016,['Bayern Munich'],Left Wing,8223,Franck Ribéry,13,6,5,723,7,1,1,0,14,7,2,1.68,3,23,558,431,62,37,22,535,4057.38,93,44,61,29,15,0,4,2,8,1,43,124,25,11,17,0,0,0,0,0,0
Germany - 1. Bundesliga,2015/2016,['Bayern Munich'],Center Forward,5668,Robert Lewandowski,32,29,26,2736,3,3,2,0,149,72,30,24.52,2,16,765,608,69,13,4,848,4891.74,83,121,53,29,97,2,4,1,20,19,111,366,66,36,55,0,0,0,0,0,0
Germany - 1. Bundesliga,2015/2016,['Borussia Dortmund'],Goalkeeper,8225,Roman Bürki,33,33,33,3095,0,0,1,0,0,0,0,0.0,0,0,1012,770,587,0,15,560,2709.83,27,0,2,2,0,0,0,0,0,0,143,6,0,1,6,0,34,158,74,0,12
Germany - 1. Bundesliga,2015/2016,['Borussia Dortmund'],Goalkeeper,12424,Roman Weidenfeller,1,1,1,93,0,0,0,0,0,0,0,0.0,0,0,29,18,20,0,1,10,75.34,0,0,0,0,0,0,0,0,0,0,8,0,0,0,0,0,0,4,1,0,1
Germany - 1. Bundesliga,2015/2016,['Borussia Dortmund'],Right Back,8241,Felix Passlack,3,2,1,186,1,1,0,0,0,0,0,0.0,0,1,126,107,13,2,1,99,468.37,9,2,1,0,11,2,1,0,2,2,7,34,2,1,1,0,0,0,0,0,0
Germany - 1. Bundesliga,2015/2016,['Borussia Dortmund'],Right Back,8808,Matthias Ginter,24,21,18,1981,3,3,0,0,17,5,3,1.18,4,13,1336,1094,209,45,13,904,4161.3,72,18,18,11,74,4,16,5,27,50,84,213,10,24,28,0,0,0,0,0,0
Germany - 1. Bundesliga,2015/2016,['Borussia Dortmund'],Right Back,5658,Łukasz Piszczek,20,16,15,1596,4,1,3,0,13,2,0,0.64,3,16,1281,1055,218,34,8,829,4466.81,81,8,15,9,45,3,17,5,45,53,63,215,14,12,11,0,0,0,0,0,0
Germany - 1. Bundesliga,2015/2016,['Borussia Dortmund'],Right Center Back,4430,Neven Subotić,6,5,5,492,1,0,2,0,2,0,0,0.23,0,2,454,398,114,1,12,379,2021.95,28,1,1,1,17,1,4,1,11,24,23,55,0,5,4,0,0,0,0,0,0
Germany - 1. Bundesliga,2015/2016,['Borussia Dortmund'],Right Center Back,8244,Sokratis,25,23,22,2204,2,1,5,0,9,4,1,0.81,0,3,1862,1671,410,3,36,1491,6695.79,91,4,8,7,88,17,16,8,37,93,101,267,10,36,32,0,0,0,0,0,0
Germany - 1. Bundesliga,2015/2016,['Borussia Dortmund'],Right Center Back,8216,Sven Bender,19,14,11,1305,5,3,1,0,3,1,0,0.76,0,7,1163,1053,209,1,17,930,4835.69,69,3,9,7,64,2,21,6,34,69,83,174,7,13,8,0,0,0,0,0,0
Germany - 1. Bundesliga,2015/2016,['Borussia Dortmund'],Left Center Back,5572,Mats Hummels,30,29,25,2596,1,4,1,0,11,6,2,1.61,2,5,2349,2019,711,7,37,1845,10717.36,194,12,18,10,113,14,38,20,39,122,171,246,11,20,20,1,0,0,0,0,0
Germany - 1. Bundesliga,2015/2016,['Borussia Dortmund'],Left Back,13206,Erik Durm,14,10,7,900,4,3,2,0,12,4,1,1.42,1,7,527,404,111,19,5,402,2352.84,49,12,20,14,35,3,11,4,26,27,67,133,14,13,10,0,0,0,0,0,0
Germany - 1. Bundesliga,2015/2016,['Borussia Dortmund'],Left Back,11458,Marcel Schmelzer,26,22,21,2149,4,1,2,0,21,8,0,0.73,4,22,1602,1320,240,65,11,1093,5192.4,115,30,22,10,86,5,19,6,45,60,78,336,11,25,38,0,0,0,0,0,0
Germany - 1. Bundesliga,2015/2016,"['Borussia Dortmund', 'FSV Mainz 05']",Left Back,5609,Park Joo-Ho,6,5,3,416,1,2,0,0,3,1,0,0.34,0,2,308,263,48,3,6,228,1165.54,19,2,4,3,19,4,4,2,17,8,11,84,8,12,10,0,0,0,0,0,0
Germany - 1. Bundesliga,2015/2016,['Borussia Dortmund'],Center Defensive Midfield,8816,Julian Weigl,30,25,19,2339,5,6,5,0,9,1,0,0.34,0,15,2277,2097,315,4,33,1882,8340.83,109,1,25,17,86,12,23,9,42,41,159,443,17,40,66,0,0,0,0,0,0
Germany - 1. Bundesliga,2015/2016,['Borussia Dortmund'],Left Defensive Midfield,8232,Nuri Şahin,9,6,3,517,3,3,1,0,4,1,0,0.18,2,5,509,452,72,1,7,402,1410.4,20,2,2,1,22,3,7,1,6,7,22,100,6,8,10,0,0,0,0,0,0
Germany - 1. Bundesliga,2015/2016,['Borussia Dortmund'],Right Center Midfield,9475,Moritz Leitner,9,2,1,356,7,1,0,0,6,1,0,0.38,1,4,244,213,31,5,9,236,1139.35,19,8,9,6,9,2,2,0,8,1,15,71,14,4,8,0,0,0,0,0,0
Germany - 1. Bundesliga,2015/2016,['Borussia Dortmund'],Right Center Midfield,10287,İlkay Gündoğan,25,22,15,2063,3,7,1,0,50,14,1,3.32,3,20,2007,1760,356,13,58,1784,9124.09,151,28,66,48,47,12,39,17,46,15,180,394,33,31,51,0,0,0,0,0,0
Germany - 1. Bundesliga,2015/2016,['Borussia Dortmund'],Left Center Midfield,8233,Gonzalo Castro,25,16,7,1538,9,9,1,0,19,12,3,1.43,7,22,1016,833,149,13,16,865,4093.2,60,25,35,16,56,6,10,6,38,8,75,308,38,13,23,0,0,0,0,0,0
Germany - 1. Bundesliga,2015/2016,['Borussia Dortmund'],Right Wing,6330,Adnan Januzaj,6,0,0,188,6,0,0,0,4,1,0,0.44,2,5,57,42,8,4,5,69,580.95,14,7,7,5,4,1,1,1,3,0,6,37,9,7,5,0,0,0,0,0,0
Germany - 1. Bundesliga,2015/2016,['Borussia Dortmund'],Right Wing,3275,Henrikh Mkhitaryan,31,28,23,2687,3,5,5,0,78,27,11,10.35,13,63,1487,1059,203,80,57,1319,8605.17,152,90,136,74,108,18,25,15,68,17,168,602,65,58,70,0,0,0,0,0,0
Germany - 1. Bundesliga,2015/2016,['Borussia Dortmund'],Center Attacking Midfield,5684,Shinji Kagawa,29,26,14,2231,3,12,2,0,31,16,9,6.21,7,32,1436,1218,173,27,39,1291,7261.08,123,61,43,25,71,8,11,3,36,6,124,440,46,27,42,0,0,0,0,0,0
Germany - 1. Bundesliga,2015/2016,['Borussia Dortmund'],Left Wing,8246,Christian Pulisic,9,4,1,404,5,3,1,0,8,3,2,0.98,0,7,190,143,17,19,4,215,1459.24,34,26,19,7,14,1,3,0,16,0,36,113,18,4,10,0,0,0,0,0,0
Germany - 1. Bundesliga,2015/2016,['Borussia Dortmund'],Left Wing,5559,Marco Reus,26,24,7,1964,2,17,2,0,63,29,12,10.41,3,42,814,650,83,37,18,724,4555.6,73,69,65,31,51,7,3,2,32,5,74,343,33,22,36,0,0,0,0,0,0
Germany - 1. Bundesliga,2015/2016,['Borussia Dortmund'],Center Forward,24324,Adrián Ramos,27,9,7,1010,18,2,0,0,38,15,9,7.01,3,7,258,179,33,5,1,264,1526.43,22,31,23,16,63,6,1,0,16,8,39,179,18,20,20,0,0,0,0,0,0
Germany - 1. Bundesliga,2015/2016,['Borussia Dortmund'],Center Forward,3712,Pierre-Emerick Aubameyang,31,28,19,2558,3,9,4,0,117,54,25,27.79,5,25,552,367,47,50,5,513,3500.07,85,104,28,14,62,1,4,3,27,7,62,467,40,30,16,0,0,0,0,0,0
Germany - 1. Bundesliga,2015/2016,['Borussia Mönchengladbach'],Goalkeeper,11398,Tobias Sippel,2,2,2,185,0,0,0,0,0,0,0,0.0,0,0,75,56,36,0,1,43,246.41,4,0,0,0,0,0,0,0,0,0,12,2,0,0,0,0,0,16,3,0,2
Germany - 1. Bundesliga,2015/2016,['Borussia Mönchengladbach'],Goalkeeper,5550,Yann Sommer,32,32,32,3003,0,0,2,0,0,0,0,0.0,0,0,1375,961,777,0,26,793,4229.36,48,0,0,0,1,0,0,0,0,1,162,4,0,1,2,0,50,278,98,0,5
Germany - 1. Bundesliga,2015/2016,['Borussia Mönchengladbach'],Right Back,8545,Julian Korb,17,14,9,1314,3,5,4,0,5,3,1,0.64,1,6,759,588,137,15,3,519,2146.67,41,21,14,8,48,6,23,10,35,35,39,218,10,25,15,0,0,0,0,0,0
Germany - 1. Bundesliga,2015/2016,['Borussia Mönchengladbach'],Right Center Back,3959,Andreas Christensen,31,31,31,2904,0,0,1,0,14,5,3,2.72,1,1,1807,1596,356,1,47,1300,7260.82,116,4,7,6,110,13,42,11,75,143,155,318,3,12,26,1,0,0,0,0,0
Germany - 1. Bundesliga,2015/2016,['Borussia Mönchengladbach'],Right Center Back,20499,Martin Stranzl,3,2,1,166,1,1,0,0,0,0,0,0.0,0,0,119,104,27,1,2,75,311.09,6,0,0,0,5,0,1,0,1,7,5,17,1,4,3,0,0,0,0,0,0
Germany - 1. Bundesliga,2015/2016,['Borussia Mönchengladbach'],Right Center Back,8814,Nico Elvedi,21,17,14,1612,4,3,2,0,3,1,0,0.21,2,2,1063,888,207,6,6,693,3590.52,62,5,14,8,81,8,36,14,45,70,84,220,11,19,17,0,0,0,0,0,0
Germany - 1. Bundesliga,2015/2016,['Borussia Mönchengladbach'],Right Center Back,400654,Roel Brouwers,8,3,2,313,5,1,0,0,1,0,0,0.08,0,0,185,173,25,0,4,133,653.33,9,0,1,0,11,0,2,1,5,22,7,27,3,2,2,0,0,0,0,0,0
Germany - 1. Bundesliga,2015/2016,['Borussia Mönchengladbach'],Left Center Back,8395,Håvard Nordtveit,31,27,25,2563,4,2,4,0,22,8,4,0.85,1,7,1768,1471,488,5,80,1266,6645.29,123,5,9,6,96,8,29,6,61,126,137,346,12,29,23,0,0,0,0,0,0
Germany - 1. Bundesliga,2015/2016,['Borussia Mönchengladbach'],Left Center Back,8307,Martin Hinteregger,10,6,5,690,4,1,0,0,4,0,0,0.15,0,1,414,327,110,4,3,282,1436.52,27,1,3,1,43,7,8,3,25,37,26,102,5,3,3,2,0,0,0,0,0
Germany - 1. Bundesliga,2015/2016,['Borussia Mönchengladbach'],Left Center Back,12320,Tony Jantschke,12,8,6,781,4,2,2,0,5,2,0,0.21,0,2,607,500,141,1,12,440,2405.95,39,0,0,0,46,3,13,3,22,47,29,90,1,8,14,0,0,0,0,0,0
Germany - 1. Bundesliga,2015/2016,['Borussia Mönchengladbach'],Left Center Back,26677,Álvaro Domínguez,6,5,5,496,1,0,1,0,0,0,0,0.0,0,1,302,246,104,0,9,193,997.06,16,0,2,1,18,0,2,1,5,27,14,29,1,4,8,0,0,0,0,0,0
Germany - 1. Bundesliga,2015/2016,['Borussia Mönchengladbach'],Left Back,8809,Oscar Wendt,30,30,29,2752,0,1,5,0,21,8,3,1.52,2,25,1740,1356,367,53,21,1191,5777.6,119,28,29,16,95,10,30,13,67,78,126,328,20,21,16,0,0,0,0,0,0
Germany - 1. Bundesliga,2015/2016,['Borussia Mönchengladbach'],Right Defensive Midfield,8238,Mahmoud Dahoud,32,27,4,2122,5,23,4,0,40,17,5,2.96,7,23,1279,1071,196,1,42,1124,5454.2,73,12,36,28,86,19,25,7,54,32,152,604,49,63,41,0,0,0,0,0,0
Germany - 1. Bundesliga,2015/2016,['Borussia Mönchengladbach'],Right Defensive Midfield,29245,Marvin Schulz,8,4,4,423,4,0,0,0,1,0,0,0.03,1,0,267,239,40,0,6,211,1058.36,16,2,0,0,16,2,0,0,9,17,14,68,3,5,3,0,0,0,0,0,0
Germany - 1. Bundesliga,2015/2016,['Borussia Mönchengladbach'],Left Defensive Midfield,3500,Granit Xhaka,28,28,20,2445,0,5,7,3,33,12,3,2.38,0,17,2219,1895,511,4,107,1771,8277.27,127,4,38,25,129,22,31,13,67,72,175,449,28,74,56,0,0,0,0,0,0
Germany - 1. Bundesliga,2015/2016,['Borussia Mönchengladbach'],Right Midfield,11285,Ibrahima Traoré,24,17,5,1511,7,12,1,0,41,15,3,3.04,1,34,775,569,126,47,44,768,5192.32,95,41,94,60,64,9,6,2,31,6,87,356,35,18,43,0,0,0,0,0,0
Germany - 1. Bundesliga,2015/2016,['Borussia Mönchengladbach'],Right Midfield,8813,Patrick Herrmann,18,5,1,677,13,4,0,0,13,5,3,1.87,1,10,222,158,18,12,3,231,1768.16,38,19,14,6,29,0,3,2,14,5,28,92,13,8,22,0,0,0,0,0,0
Germany - 1. Bundesliga,2015/2016,['Borussia Mönchengladbach'],Left Midfield,11283,Fabian Johnson,26,25,19,2235,1,6,2,0,26,11,6,3.55,3,26,917,706,122,20,6,742,4549.71,95,42,37,17,71,9,15,8,55,22,92,294,38,15,26,0,0,0,0,0,0
Germany - 1. Bundesliga,2015/2016,"['Borussia Dortmund', 'Borussia Mönchengladbach']",Left Midfield,8804,Jonas Hofmann,15,6,1,549,9,5,0,0,16,7,1,1.55,3,9,252,201,30,11,6,251,1721.69,37,23,17,10,18,1,3,2,5,2,33,137,14,3,13,0,0,0,0,0,0
Germany - 1. Bundesliga,2015/2016,"['Borussia Mönchengladbach', 'Hertha Berlin']",Left Midfield,9398,Nico Schulz,2,0,0,64,2,0,0,0,1,0,0,0.09,0,1,15,11,2,0,0,16,167.34,6,3,4,1,2,0,0,0,1,0,2,14,0,1,1,0,0,0,0,0,0
Germany - 1. Bundesliga,2015/2016,['Borussia Mönchengladbach'],Left Midfield,5632,Thorgan Hazard,29,19,5,1710,10,14,4,0,44,18,4,6.51,3,31,823,600,93,36,38,705,4699.03,105,63,57,38,94,7,13,8,35,9,77,490,42,50,29,0,0,0,0,0,0
Germany - 1. Bundesliga,2015/2016,['Borussia Mönchengladbach'],Right Center Forward,8322,André Hahn,15,7,6,793,8,2,1,0,26,14,8,3.83,0,5,267,153,32,12,5,215,1338.78,33,16,12,3,64,4,5,2,15,3,28,190,20,28,18,0,0,0,0,0,0
Germany - 1. Bundesliga,2015/2016,['Borussia Mönchengladbach'],Right Center Forward,8671,Branimir Hrgota,9,0,0,110,9,0,0,0,2,0,0,0.18,0,0,39,33,3,0,0,41,164.03,2,7,6,5,7,0,0,0,1,0,3,23,4,4,4,0,0,0,0,0,0
Germany - 1. Bundesliga,2015/2016,['Borussia Mönchengladbach'],Right Center Forward,8806,Lars Edi Stindl,30,29,24,2689,1,5,5,0,67,27,7,8.79,8,49,1413,1127,162,24,21,1186,4913.55,65,70,48,21,134,11,11,3,61,16,150,658,55,77,71,0,0,0,0,0,0
Germany - 1. Bundesliga,2015/2016,['Borussia Mönchengladbach'],Left Center Forward,8810,Raffael,31,30,18,2761,1,12,2,0,71,35,13,7.96,10,49,1184,948,130,38,26,1111,7003.9,139,82,88,55,83,7,11,7,37,3,144,595,63,20,68,0,0,0,0,0,0
Germany - 1. Bundesliga,2015/2016,['Darmstadt 98'],Goalkeeper,8306,Christian Mathenia,33,33,33,3133,0,0,3,0,0,0,0,0.0,0,2,1067,431,1030,0,18,342,2980.16,92,0,0,0,0,0,0,0,0,2,179,3,0,0,4,0,51,327,105,1,8
Germany - 1. Bundesliga,2015/2016,['Darmstadt 98'],Goalkeeper,10435,Łukasz Załuska,1,1,1,91,0,0,0,0,0,0,0,0.0,0,0,32,19,32,0,1,15,102.18,5,0,0,0,0,0,0,0,0,0,4,0,0,0,0,0,2,18,1,0,0
Germany - 1. Bundesliga,2015/2016,['Darmstadt 98'],Right Back,12383,Florian Jungwirth,19,16,16,1591,3,0,4,0,8,3,0,0.27,0,5,492,298,215,15,13,194,1219.21,21,4,3,1,82,10,37,6,44,63,70,339,4,16,22,0,0,0,0,0,0
Germany - 1. Bundesliga,2015/2016,['Darmstadt 98'],Right Back,20522,György Garics,21,20,19,1888,1,1,8,0,3,1,0,0.07,0,3,627,392,275,12,8,226,1467.46,21,1,6,5,49,7,22,8,40,85,83,301,4,26,7,1,0,0,0,0,0
Germany - 1. Bundesliga,2015/2016,['Darmstadt 98'],Right Center Back,9217,Aytac Sulu,33,33,33,3131,0,0,6,0,21,9,7,2.22,0,10,568,324,301,0,31,200,968.35,10,1,2,2,113,8,43,5,76,219,89,281,1,37,56,2,0,0,0,0,0
Germany - 1. Bundesliga,2015/2016,['Darmstadt 98'],Left Center Back,9404,Luca Caldirola,34,34,34,3224,0,0,4,0,16,5,0,2.24,0,5,685,416,345,8,11,258,1648.39,27,1,2,0,111,17,32,7,73,173,73,484,4,45,61,0,0,0,0,0,0
Germany - 1. Bundesliga,2015/2016,['Darmstadt 98'],Left Center Back,35033,Slobodan Rajković,14,12,11,1072,2,1,4,0,5,1,1,1.02,1,1,212,118,110,0,5,89,565.45,6,0,2,2,30,6,12,2,33,83,36,146,1,23,9,0,0,0,0,0,0
Germany - 1. Bundesliga,2015/2016,['Darmstadt 98'],Left Back,9222,Fabian Holland,18,16,13,1505,2,3,5,0,3,0,0,0.04,0,5,451,281,216,12,7,215,1202.43,20,2,5,4,73,8,24,10,31,50,67,335,6,36,25,0,0,0,0,0,0
Germany - 1. Bundesliga,2015/2016,['Darmstadt 98'],Left Back,108336,Júnior Enrique Díaz Campbell,12,9,7,917,3,2,2,0,5,0,0,0.22,0,4,275,168,133,11,4,102,383.65,2,1,4,0,34,4,15,4,21,41,22,130,3,14,9,0,0,0,0,0,0
Germany - 1. Bundesliga,2015/2016,['Darmstadt 98'],Right Defensive Midfield,40467,Peter Niemeyer,31,31,20,2674,0,11,13,0,29,8,2,2.91,0,5,703,394,261,2,11,283,994.39,7,4,3,2,156,9,38,6,82,82,152,720,9,77,51,0,0,0,0,0,0
Germany - 1. Bundesliga,2015/2016,['Darmstadt 98'],Left Defensive Midfield,40483,Benjamin Gorka,4,0,0,33,4,0,0,0,0,0,0,0.0,0,0,5,3,4,0,0,1,0.0,0,0,0,0,1,0,0,0,1,1,0,2,0,0,0,0,0,0,0,0,0
Germany - 1. Bundesliga,2015/2016,['Darmstadt 98'],Left Defensive Midfield,8388,Jérôme Gondorf,33,33,29,3060,0,4,9,0,22,7,3,1.72,4,12,872,521,276,17,15,652,4085.26,72,40,37,25,173,17,40,16,87,57,202,852,46,67,73,0,0,0,0,0,0
Germany - 1. Bundesliga,2015/2016,['Darmstadt 98'],Right Midfield,9401,Marcel Heller,33,33,23,3064,0,10,7,0,32,15,6,4.06,5,22,605,307,108,97,18,623,5864.01,148,64,57,30,169,16,25,10,48,21,169,647,63,46,47,0,0,0,0,0,0
Germany - 1. Bundesliga,2015/2016,['Darmstadt 98'],Right Midfield,9224,Sandro Sirigu,5,1,0,142,4,1,0,0,0,0,0,0.0,2,0,28,9,9,3,1,26,192.53,7,0,2,1,6,2,4,2,2,2,7,29,3,3,0,0,0,0,0,0,0
Germany - 1. Bundesliga,2015/2016,['Darmstadt 98'],Left Midfield,11134,Konstantin Rausch,31,27,6,2168,4,21,7,0,39,13,2,1.7,5,31,633,330,198,70,37,430,2663.06,52,15,27,7,76,9,21,7,34,31,119,373,24,17,29,0,0,0,0,0,0
Germany - 1. Bundesliga,2015/2016,['Darmstadt 98'],Left Midfield,9219,Tobias Kempe,31,9,2,1400,22,7,0,0,30,8,0,1.48,3,26,437,237,115,36,25,343,2816.86,60,15,32,15,75,7,16,7,33,15,86,283,30,19,16,0,0,0,0,0,0
Germany - 1. Bundesliga,2015/2016,['Darmstadt 98'],Center Attacking Midfield,40477,Jan Rosenthal,23,17,2,1467,6,15,2,0,17,4,0,1.56,1,8,375,221,70,10,4,267,1333.34,18,13,22,13,112,4,8,1,21,12,55,295,16,29,19,0,0,0,0,0,0
Germany - 1. Bundesliga,2015/2016,['Darmstadt 98'],Center Attacking Midfield,400612,Marco Sailer,14,3,1,485,11,2,1,0,6,1,1,0.99,0,3,66,38,10,2,1,52,226.0,4,3,4,1,37,1,2,1,5,5,10,139,6,12,9,0,0,0,0,0,0
Germany - 1. Bundesliga,2015/2016,['Darmstadt 98'],Center Attacking Midfield,13675,Mario Vrančić,22,12,1,1083,10,11,2,0,14,4,2,1.9,1,14,335,216,100,14,15,225,1167.32,19,14,11,8,66,1,5,2,24,7,48,269,10,31,25,0,0,0,0,0,0
Germany - 1. Bundesliga,2015/2016,['Darmstadt 98'],Center Forward,40481,Dominik Stroh-Engel,15,6,1,561,9,5,0,0,6,2,0,0.84,1,3,119,68,16,2,0,72,330.31,5,5,2,0,57,0,2,1,9,7,15,105,4,12,10,0,0,0,0,0,0
Germany - 1. Bundesliga,2015/2016,"['Darmstadt 98', 'Schalke 04']",Center Forward,22017,Felix Platte,12,1,1,192,11,0,2,0,4,0,0,0.33,0,2,49,24,12,2,2,35,242.88,6,4,4,2,20,1,1,0,3,1,10,36,4,7,4,0,0,0,0,0,0
Germany - 1. Bundesliga,2015/2016,['Darmstadt 98'],Center Forward,9723,Sandro Wagner,32,27,21,2614,5,5,9,1,87,31,14,13.0,3,18,914,453,181,25,16,594,3499.05,51,31,31,14,309,8,4,1,56,44,121,494,54,99,78,0,0,0,0,0,0
Germany - 1. Bundesliga,2015/2016,['Eintracht Frankfurt'],Goalkeeper,8667,Lukáš Hrádecký,34,34,34,3199,0,0,0,0,0,0,0,0.0,0,0,1342,828,1028,0,33,649,3725.66,54,0,0,0,0,0,0,0,1,1,200,4,0,0,2,0,52,256,122,1,8
Germany - 1. Bundesliga,2015/2016,['Eintracht Frankfurt'],Right Back,9134,Aleksandar Ignjovski,18,13,11,1285,5,2,3,0,9,1,0,0.62,1,7,568,379,164,34,11,451,2816.36,66,11,34,15,71,8,24,8,31,39,82,322,19,20,29,0,0,0,0,0,0
Germany - 1. Bundesliga,2015/2016,['Eintracht Frankfurt'],Right Back,8670,Timothy Chandler,12,5,4,706,7,1,4,0,3,2,0,0.05,0,0,309,202,105,20,8,184,1286.63,35,2,5,1,31,6,16,3,15,10,28,101,4,13,14,0,0,0,0,0,0
Germany - 1. Bundesliga,2015/2016,"['Eintracht Frankfurt', 'Hertha Berlin']",Right Back,20950,Yanni Regäsel,16,14,13,1335,2,1,1,0,4,1,0,0.08,0,7,676,503,180,25,10,409,1825.23,33,3,16,5,36,5,7,3,27,24,63,213,8,14,15,0,0,0,0,0,0
Germany - 1. Bundesliga,2015/2016,['Eintracht Frankfurt'],Right Center Back,36359,Carlos Zambrano,24,21,16,1885,3,4,9,1,3,1,0,0.31,0,1,920,767,235,0,17,689,4139.24,86,0,13,12,63,10,30,13,24,90,128,229,6,38,62,0,0,0,0,0,0
Germany - 1. Bundesliga,2015/2016,['Eintracht Frankfurt'],Center Back,8893,David Kinsombi,1,1,1,92,0,0,0,0,0,0,0,0.0,0,0,15,11,5,0,0,6,38.75,1,0,0,0,4,0,4,0,8,10,1,22,0,0,0,0,0,0,0,0,0
Germany - 1. Bundesliga,2015/2016,['Eintracht Frankfurt'],Center Back,401018,Nico Rinderknecht,1,0,0,8,1,0,0,0,0,0,0,0.0,0,0,2,2,0,0,0,1,0.28,0,0,0,0,0,0,0,0,0,0,0,3,0,0,0,0,0,0,0,0,0
Germany - 1. Bundesliga,2015/2016,['Eintracht Frankfurt'],Left Center Back,8678,David Abraham,31,28,25,2661,3,3,8,0,11,2,0,0.74,0,5,1104,892,326,1,40,713,4162.15,64,0,9,3,106,18,42,17,57,160,110,329,8,46,31,0,0,0,0,0,0
Germany - 1. Bundesliga,2015/2016,['Eintracht Frankfurt'],Left Center Back,12293,Kaan Ayhan,2,1,0,83,1,1,1,0,0,0,0,0.0,0,0,38,30,14,0,4,29,113.48,1,0,0,0,4,1,0,0,2,5,4,6,0,1,1,0,0,0,0,0,0
Germany - 1. Bundesliga,2015/2016,['Eintracht Frankfurt'],Left Center Back,8812,Marco Russ,28,26,24,2452,2,2,9,0,22,10,3,2.76,2,4,1021,815,254,5,18,629,3924.68,90,7,16,9,109,3,27,6,51,109,108,228,11,24,30,0,0,0,0,0,0
Germany - 1. Bundesliga,2015/2016,['Eintracht Frankfurt'],Left Back,8504,Bastian Oczipka,30,30,30,2827,0,0,7,0,10,3,0,0.39,0,22,1656,1259,370,69,35,1139,7698.42,166,14,69,44,78,9,47,22,73,69,161,331,28,29,34,0,0,0,0,0,0
Germany - 1. Bundesliga,2015/2016,['Eintracht Frankfurt'],Left Back,400621,Tohouri Zahoui Constant Djakpa,11,8,7,786,3,1,2,0,4,1,0,0.16,0,7,413,266,160,19,17,279,1727.42,40,1,11,3,26,2,13,4,17,26,55,99,9,8,10,0,0,0,0,0,0
Germany - 1. Bundesliga,2015/2016,['Eintracht Frankfurt'],Right Defensive Midfield,5681,Makoto Hasebe,32,31,24,2783,1,7,9,0,7,2,1,0.21,2,26,1412,1049,383,28,37,926,5326.04,101,7,13,11,116,15,21,8,80,55,163,504,32,41,46,0,0,0,0,0,0
Germany - 1. Bundesliga,2015/2016,['Eintracht Frankfurt'],Right Defensive Midfield,10896,Marc Stendera,26,24,13,2116,2,11,9,0,39,16,2,1.96,1,23,1078,781,295,27,50,929,5359.93,110,25,59,42,129,25,26,13,61,16,166,746,61,54,42,0,0,0,0,0,0
Germany - 1. Bundesliga,2015/2016,['Eintracht Frankfurt'],Left Defensive Midfield,9216,Slobodan Medojević,12,6,3,589,6,2,1,1,2,1,1,0.27,1,3,252,199,38,3,3,185,1162.74,18,2,4,4,24,1,9,3,15,7,23,132,4,15,9,0,0,0,0,0,0
Germany - 1. Bundesliga,2015/2016,['Eintracht Frankfurt'],Left Defensive Midfield,400619,Stefan Reinartz,15,14,12,1246,1,2,2,0,8,2,1,0.5,1,5,841,706,197,0,27,633,2847.27,46,0,6,4,53,2,21,9,37,19,76,246,16,26,6,0,0,0,0,0,0
Germany - 1. Bundesliga,2015/2016,['Eintracht Frankfurt'],Left Defensive Midfield,18888,Szabolcs Huszti,15,14,9,1227,1,5,5,0,20,5,1,1.13,1,32,678,474,142,46,38,504,2400.83,36,6,18,6,67,11,11,9,21,9,76,348,26,43,36,0,0,0,0,0,0
Germany - 1. Bundesliga,2015/2016,['Eintracht Frankfurt'],Right Center Midfield,9148,Johannes Flum,5,1,1,153,4,0,0,0,2,0,0,0.11,1,0,80,54,24,3,3,67,374.38,6,1,0,0,5,2,1,1,4,1,11,50,2,3,6,0,0,0,0,0,0
Germany - 1. Bundesliga,2015/2016,['Eintracht Frankfurt'],Left Midfield,400622,Joel Gerezgiher,3,1,0,95,2,1,1,0,4,1,0,0.31,0,1,31,15,10,0,0,32,206.16,5,2,3,2,2,0,3,1,4,1,5,23,3,4,2,0,0,0,0,0,0
Germany - 1. Bundesliga,2015/2016,['Eintracht Frankfurt'],Left Midfield,5687,Takashi Inui,1,1,0,45,0,1,0,0,0,0,0,0.0,0,1,10,7,3,1,1,8,8.05,0,0,1,0,0,0,1,0,0,0,1,18,0,1,1,0,0,0,0,0,0
Germany - 1. Bundesliga,2015/2016,['Eintracht Frankfurt'],Right Wing,8669,Mijat Gaćinović,7,4,1,341,3,4,1,0,3,2,0,0.04,0,2,123,72,20,7,7,102,601.43,10,4,10,2,29,3,6,0,9,2,20,62,4,5,9,0,0,0,0,0,0
Germany - 1. Bundesliga,2015/2016,['Eintracht Frankfurt'],Right Wing,21156,Stefan Aigner,31,27,13,2486,4,14,7,0,44,16,3,4.76,4,18,762,541,91,51,14,652,3335.66,70,50,48,18,122,12,13,5,48,14,91,483,44,51,56,0,0,0,0,0,0
Germany - 1. Bundesliga,2015/2016,['Eintracht Frankfurt'],Center Attacking Midfield,23268,Alexander Meier,19,19,17,1721,0,1,1,1,50,24,12,6.71,1,16,483,321,62,3,10,252,1097.61,15,15,12,7,68,2,9,6,17,35,45,232,14,17,12,0,0,0,0,0,0
Germany - 1. Bundesliga,2015/2016,['Eintracht Frankfurt'],Center Attacking Midfield,6317,Marco Fabián,11,9,5,830,2,4,2,0,19,4,0,0.88,2,17,431,330,51,20,18,388,2306.83,40,18,21,13,61,2,6,3,23,2,49,214,12,22,19,0,0,0,0,0,0
Germany - 1. Bundesliga,2015/2016,['Eintracht Frankfurt'],Center Attacking Midfield,155655,Václav Kadlec,5,2,0,124,3,2,1,0,2,0,0,0.36,0,0,15,13,2,1,0,21,130.12,2,2,2,0,7,0,1,0,0,0,7,33,4,5,3,0,0,0,0,0,0
Germany - 1. Bundesliga,2015/2016,['Eintracht Frankfurt'],Left Wing,10822,Sonny Kittel,8,1,0,302,7,1,0,0,7,0,0,0.59,0,1,95,62,16,4,2,94,508.88,9,6,6,3,14,0,1,1,11,0,21,78,3,5,9,0,0,0,0,0,0
Germany - 1. Bundesliga,2015/2016,['Eintracht Frankfurt'],Left Wing,35240,Änis Ben-Hatira,9,7,2,627,2,5,2,0,12,6,1,1.14,1,3,168,115,21,9,6,214,1728.71,36,24,26,15,28,4,2,1,1,4,36,156,24,17,17,0,0,0,0,0,0
Germany - 1. Bundesliga,2015/2016,['Eintracht Frankfurt'],Left Center Forward,7846,Luc Castaignos,19,12,1,981,7,11,1,0,17,7,4,2.29,1,6,208,137,30,7,0,189,997.93,25,19,15,11,57,3,3,2,16,1,22,249,24,32,16,0,0,0,0,0,0
Germany - 1. Bundesliga,2015/2016,['Eintracht Frankfurt'],Left Center Forward,8320,Luca Waldschmidt,12,0,0,282,12,1,0,0,5,1,0,0.5,1,7,72,53,10,5,2,83,505.71,10,11,11,4,14,0,2,1,6,3,7,52,6,8,6,0,0,0,0,0,0
Germany - 1. Bundesliga,2015/2016,['Eintracht Frankfurt'],Center Forward,5543,Haris Seferović,29,25,21,2308,4,4,10,0,58,20,3,6.85,4,20,900,576,139,43,23,690,4100.47,71,39,27,15,140,3,10,6,32,14,77,436,52,53,32,0,0,0,0,0,0
Germany - 1. Bundesliga,2015/2016,['FC Köln'],Goalkeeper,25002,Thomas Kessler,1,1,1,91,0,0,0,0,0,0,0,0.0,0,0,27,16,25,0,0,9,48.31,0,0,1,1,0,0,0,0,0,0,7,0,0,0,0,0,2,8,3,0,0
Germany - 1. Bundesliga,2015/2016,['FC Köln'],Goalkeeper,8821,Timo Horn,33,33,33,3113,0,0,0,0,0,0,0,0.0,0,1,1003,597,768,0,15,402,2379.76,51,0,0,0,0,0,0,0,1,1,148,0,0,0,10,0,40,314,118,1,8
Germany - 1. Bundesliga,2015/2016,['FC Köln'],Right Back,8823,Marcel Risse,33,33,31,3096,0,2,5,0,45,17,3,1.76,5,60,1504,912,523,125,88,1123,7904.33,198,26,82,48,112,32,42,19,55,35,164,537,33,36,22,0,0,0,0,0,0
Germany - 1. Bundesliga,2015/2016,['FC Köln'],Right Back,9459,Paweł Olkowski,19,13,6,1098,6,7,1,0,7,2,0,0.25,0,2,545,379,148,14,8,363,2475.61,50,7,17,6,39,3,15,5,28,43,59,167,7,12,15,0,0,0,0,0,0
Germany - 1. Bundesliga,2015/2016,['FC Köln'],Right Center Back,11286,Dominik Maroh,25,23,23,2224,2,0,7,0,18,5,2,1.39,0,0,1162,1019,256,0,28,814,4001.37,36,3,1,0,94,5,28,6,59,141,67,289,4,28,16,0,0,0,0,0,0
Germany - 1. Bundesliga,2015/2016,['FC Köln'],Right Center Back,8829,Frederik Sørensen,22,19,17,1762,3,2,5,0,4,2,0,0.35,2,1,905,685,353,3,33,566,2855.51,46,1,8,5,83,8,25,9,51,115,51,215,1,25,18,0,0,0,0,0,0
Germany - 1. Bundesliga,2015/2016,['FC Köln'],Left Center Back,8828,Dominique Heintz,33,32,30,3005,1,2,3,0,10,3,2,0.67,0,3,1484,1219,517,13,37,1114,7732.97,147,4,20,14,104,19,36,8,72,164,147,371,15,32,18,0,0,0,0,0,0
Germany - 1. Bundesliga,2015/2016,['FC Köln'],Left Center Back,8900,Mërgim Mavraj,11,11,11,1033,0,0,1,0,4,0,0,0.36,0,0,387,331,103,0,10,263,1599.34,20,0,2,1,55,6,6,1,26,87,27,160,1,18,12,0,0,0,0,0,0
Germany - 1. Bundesliga,2015/2016,['FC Köln'],Left Back,7993,Filip Mladenović,14,10,4,885,4,6,1,0,13,5,0,0.55,2,11,383,277,82,28,18,257,1954.17,38,3,15,5,31,4,10,2,23,23,51,157,12,13,7,0,0,0,0,0,0
Germany - 1. Bundesliga,2015/2016,['FC Köln'],Left Back,6040,Jonas Hector,32,32,31,2992,0,1,3,0,10,3,0,0.53,4,49,1853,1469,388,48,42,1216,8298.82,183,23,44,31,114,9,49,15,91,94,205,523,37,25,53,0,0,0,0,0,0
Germany - 1. Bundesliga,2015/2016,['FC Köln'],Right Defensive Midfield,8827,Matthias Lehmann,32,31,27,2883,1,3,7,1,14,3,0,0.71,2,16,1363,1116,398,6,35,867,4143.83,74,2,7,5,75,5,29,8,28,43,120,581,10,61,34,0,0,0,0,0,0
Germany - 1. Bundesliga,2015/2016,['FC Köln'],Left Defensive Midfield,8397,Kevin Vogt,23,17,9,1537,6,8,4,0,8,3,0,0.41,2,11,861,692,238,11,45,605,3126.89,53,8,12,7,71,9,9,1,38,39,81,405,11,29,32,0,0,0,0,0,0
Germany - 1. Bundesliga,2015/2016,['FC Köln'],Left Defensive Midfield,8231,Yannick Gerhardt,29,22,13,1977,7,9,3,0,25,7,2,1.92,4,18,795,616,143,24,23,683,4941.95,103,24,43,22,98,14,25,10,48,25,130,554,30,34,52,0,0,0,0,0,0
Germany - 1. Bundesliga,2015/2016,['FC Köln'],Right Midfield,8831,Lukas Klünter,1,0,0,19,1,0,0,0,1,0,0,0.08,0,0,5,1,0,0,0,6,41.85,1,0,0,0,0,0,0,0,1,2,0,5,0,1,0,0,0,0,0,0,0
Germany - 1. Bundesliga,2015/2016,['FC Köln'],Right Midfield,8822,Simon Zoller,24,14,3,1276,10,11,4,0,28,15,6,3.57,1,8,276,189,31,19,8,238,1662.7,33,30,13,5,53,1,4,3,22,10,48,243,18,24,12,0,0,0,0,0,0
Germany - 1. Bundesliga,2015/2016,['FC Köln'],Left Center Midfield,10918,Dušan Švento,7,2,0,239,5,2,0,0,3,1,1,0.36,0,1,62,35,13,8,4,58,490.45,9,6,4,3,10,0,0,0,4,3,15,32,6,0,1,0,0,0,0,0,0
Germany - 1. Bundesliga,2015/2016,['FC Köln'],Left Midfield,37264,Kazuki Nagasawa,1,1,0,45,0,1,0,0,1,0,0,0.16,0,0,16,10,1,1,0,14,57.82,1,2,0,0,3,0,1,0,1,1,1,13,0,0,1,0,0,0,0,0,0
Germany - 1. Bundesliga,2015/2016,['FC Köln'],Left Midfield,8826,Leonardo Bittencourt,29,27,8,2270,2,18,2,1,38,16,3,4.63,4,28,866,603,163,43,20,816,6193.84,134,47,60,30,133,17,26,14,44,9,91,781,43,59,73,0,0,0,0,0,0
Germany - 1. Bundesliga,2015/2016,['FC Köln'],Left Midfield,9184,Marcel Hartel,6,0,0,109,6,0,0,0,4,1,0,0.22,0,0,48,34,7,0,1,45,359.22,7,2,7,3,1,0,0,0,2,2,11,23,2,1,2,0,0,0,0,0,0
Germany - 1. Bundesliga,2015/2016,['FC Köln'],Center Attacking Midfield,8825,Miloš Jojić,15,2,0,537,13,2,2,0,17,9,2,1.18,0,15,222,155,39,9,9,186,1160.27,27,11,14,7,26,2,3,1,8,3,28,180,19,14,7,0,0,0,0,0,0
Germany - 1. Bundesliga,2015/2016,['FC Köln'],Center Attacking Midfield,5679,Yūya Ōsako,25,14,7,1416,11,7,2,0,31,8,1,3.65,0,17,487,366,92,23,10,500,2987.03,50,28,28,18,77,7,8,4,11,11,75,312,37,31,42,0,0,0,0,0,0
Germany - 1. Bundesliga,2015/2016,['FC Köln'],Right Center Forward,10902,Philipp Hosiner,15,4,2,630,11,2,2,0,12,7,1,2.34,0,4,154,106,21,11,1,133,539.0,7,11,9,5,38,1,0,0,5,3,13,107,7,8,11,0,0,0,0,0,0
Germany - 1. Bundesliga,2015/2016,['FC Köln'],Center Forward,23486,Anthony Modeste,34,33,25,2992,1,8,4,0,111,44,15,16.32,3,15,618,374,123,8,5,449,2254.67,41,51,40,13,161,4,5,5,30,38,69,369,38,49,79,0,0,0,0,0,0
Germany - 1. Bundesliga,2015/2016,['FSV Mainz 05'],Goalkeeper,3630,Loris Karius,34,34,34,3205,0,0,1,0,0,0,0,0.0,0,0,1265,730,900,0,25,640,3344.72,56,0,1,1,0,0,0,0,1,0,185,6,0,0,6,0,42,304,121,2,9
Germany - 1. Bundesliga,2015/2016,['FSV Mainz 05'],Right Back,8548,Daniel Brosinski,30,24,23,2363,6,1,3,0,15,5,1,0.84,2,20,1362,933,438,55,41,749,5451.69,122,18,28,18,95,7,26,6,58,88,117,287,20,18,33,0,0,0,0,0,0
Germany - 1. Bundesliga,2015/2016,"['Bayer Leverkusen', 'FSV Mainz 05']",Right Back,8549,Giulio Donati,23,21,16,1945,2,4,8,1,3,0,0,0.07,1,8,1043,720,371,31,25,559,2993.94,56,4,27,13,82,15,32,14,44,72,96,294,17,28,52,0,0,0,0,0,0
Germany - 1. Bundesliga,2015/2016,['FSV Mainz 05'],Right Center Back,5467,Leon Aderemi Balogun,21,17,15,1601,4,2,4,0,13,1,1,1.03,0,3,705,522,218,4,20,461,2861.55,56,2,14,8,91,7,41,12,42,107,73,224,13,24,18,0,0,0,0,0,0
Germany - 1. Bundesliga,2015/2016,['FSV Mainz 05'],Right Center Back,13319,Niko Bungert,20,20,18,1812,0,2,2,0,6,1,0,0.49,0,1,873,729,218,0,34,559,3706.3,77,1,3,2,58,3,25,4,33,86,39,170,1,20,15,0,0,0,0,0,0
Germany - 1. Bundesliga,2015/2016,['FSV Mainz 05'],Left Center Back,15847,Alexander Hack,7,7,7,662,0,0,1,0,2,0,0,0.14,0,0,372,311,114,0,18,265,1400.7,25,1,7,6,26,2,17,8,15,48,24,72,3,5,4,0,0,0,0,0,0
Germany - 1. Bundesliga,2015/2016,['FSV Mainz 05'],Left Center Back,8559,Stefan Bell,30,29,29,2763,1,0,3,0,23,8,1,2.14,2,3,1563,1229,540,2,91,1161,7574.13,138,6,13,10,92,11,55,28,68,167,181,264,7,53,17,1,0,0,0,0,0
Germany - 1. Bundesliga,2015/2016,['FSV Mainz 05'],Left Back,18399,Gaëtan Bussmann,13,13,13,1228,0,0,3,0,7,1,1,0.35,0,10,613,403,241,19,7,292,1382.57,28,5,5,4,60,8,21,3,47,49,37,248,6,19,10,0,0,0,0,0,0
Germany - 1. Bundesliga,2015/2016,['FSV Mainz 05'],Left Back,20871,Pierre Bengtsson,16,14,12,1322,2,2,1,0,5,2,0,0.2,0,9,714,508,227,17,9,383,2020.85,39,4,10,2,54,8,13,2,35,46,51,215,11,14,12,0,0,0,0,0,0
Germany - 1. Bundesliga,2015/2016,['FSV Mainz 05'],Right Defensive Midfield,20037,Julian Baumgartlinger,31,30,30,2846,1,0,7,0,13,5,2,1.04,1,19,1467,1228,243,6,48,1017,4883.0,60,9,17,11,154,22,40,14,63,77,188,983,38,66,64,0,0,0,0,0,0
Germany - 1. Bundesliga,2015/2016,['FSV Mainz 05'],Left Defensive Midfield,8890,Christoph Moritz,8,3,1,267,5,2,0,0,1,0,0,0.02,0,0,118,101,18,2,1,91,438.74,7,2,2,1,21,3,1,0,15,8,14,105,4,8,3,0,0,0,0,0,0
Germany - 1. Bundesliga,2015/2016,['FSV Mainz 05'],Left Defensive Midfield,8539,Danny Latza,27,20,11,1940,7,9,8,0,27,10,0,1.01,2,28,1189,950,224,21,46,794,4106.91,66,4,13,10,118,18,23,7,60,44,137,581,17,53,38,0,0,0,0,0,0
Germany - 1. Bundesliga,2015/2016,['FSV Mainz 05'],Left Defensive Midfield,8561,Fabian Frei,17,11,7,1027,6,4,1,0,11,3,0,0.59,2,7,441,336,110,8,15,280,1261.62,17,4,6,3,54,6,18,2,28,23,54,220,8,23,4,0,0,0,0,0,0
Germany - 1. Bundesliga,2015/2016,['FSV Mainz 05'],Left Defensive Midfield,30551,Gonzalo Jara,6,5,4,471,1,1,1,0,1,0,0,0.03,0,3,229,178,64,2,14,142,595.93,7,0,4,2,15,2,2,1,6,11,31,67,5,6,4,0,0,0,0,0,0
Germany - 1. Bundesliga,2015/2016,['FSV Mainz 05'],Right Wing,9098,Christian Clemens,28,20,8,1792,8,12,1,0,43,16,5,3.84,2,28,535,337,121,33,30,462,2733.61,61,26,38,18,56,7,12,3,35,13,88,484,17,28,20,0,0,0,0,0,0
Germany - 1. Bundesliga,2015/2016,['FSV Mainz 05'],Right Wing,8555,Pablo de Blasis,26,18,6,1719,8,12,1,0,30,11,4,3.76,4,17,622,405,162,33,16,548,2987.07,58,39,52,27,132,19,19,6,37,15,75,442,44,35,33,0,0,0,0,0,0
Germany - 1. Bundesliga,2015/2016,['FSV Mainz 05'],Right Wing,9223,Phillipp Klement,2,0,0,39,2,0,0,0,1,0,0,0.08,0,0,24,17,3,0,2,16,70.06,0,0,0,0,0,0,0,0,1,0,3,6,2,0,0,0,0,0,0,0,0
Germany - 1. Bundesliga,2015/2016,['FSV Mainz 05'],Center Attacking Midfield,11397,Suat Serdar,12,2,0,249,10,2,0,0,3,0,0,0.1,0,1,82,64,6,1,4,86,429.01,2,4,6,5,14,2,2,2,5,5,21,76,4,7,5,0,0,0,0,0,0
Germany - 1. Bundesliga,2015/2016,['FSV Mainz 05'],Center Attacking Midfield,8679,Yunus Mallı,34,33,14,2863,1,19,0,0,63,27,11,8.94,4,38,873,620,140,32,5,882,6587.56,152,83,109,49,66,1,7,3,49,6,115,485,55,21,47,0,0,0,0,0,0
Germany - 1. Bundesliga,2015/2016,['FSV Mainz 05'],Left Wing,400983,Devante James Parker,1,0,0,1,1,0,0,0,0,0,0,0.0,0,0,1,1,0,0,0,1,0.0,0,0,0,0,0,0,0,0,0,0,0,0,0,0,0,0,0,0,0,0,0
Germany - 1. Bundesliga,2015/2016,['FSV Mainz 05'],Left Wing,6925,Jairo Samperio,31,26,14,2387,5,12,5,0,39,15,7,4.16,4,23,658,437,123,25,7,819,5482.1,122,62,106,44,114,4,28,9,58,12,143,511,101,44,56,0,0,0,0,0,0
Germany - 1. Bundesliga,2015/2016,['FSV Mainz 05'],Left Wing,11278,Karim Onisiwo,9,3,3,372,6,0,1,0,11,5,1,1.56,1,4,72,44,14,10,1,103,977.18,27,12,12,5,30,3,1,1,11,2,25,104,9,11,11,0,0,0,0,0,0
Germany - 1. Bundesliga,2015/2016,['FSV Mainz 05'],Left Wing,42301,Maximilian Beister,1,0,0,10,1,0,0,0,0,0,0,0.0,0,0,1,0,0,0,0,3,44.54,2,0,0,0,1,0,1,1,0,0,0,2,1,0,1,0,0,0,0,0,0
Germany - 1. Bundesliga,2015/2016,['FSV Mainz 05'],Center Forward,8943,Florian Niederlechner,12,1,0,229,11,1,2,0,5,2,0,1.48,0,0,37,20,7,0,0,35,143.75,1,1,2,0,16,0,1,0,7,4,8,68,5,13,4,0,0,0,0,0,0
Germany - 1. Bundesliga,2015/2016,['FSV Mainz 05'],Center Forward,8817,Jhon Córdoba,22,14,9,1467,8,5,2,0,30,16,5,5.23,2,7,266,201,20,5,3,383,2792.17,59,45,25,15,110,8,1,0,15,8,49,257,56,55,68,0,0,0,0,0,0
Germany - 1. Bundesliga,2015/2016,['FSV Mainz 05'],Center Forward,6337,Yoshinori Muto,20,18,5,1531,2,13,2,0,32,17,7,7.72,2,10,265,182,19,14,7,290,2123.52,36,47,39,19,116,6,9,4,29,3,49,414,34,45,25,0,0,0,0,0,0
Germany - 1. Bundesliga,2015/2016,['Hamburger SV'],Goalkeeper,31437,Andreas Hirzel,1,0,0,58,1,0,0,0,0,0,0,0.0,0,0,21,11,18,0,0,10,90.39,2,0,0,0,0,0,0,0,0,0,4,0,0,0,0,0,2,2,1,0,0
Germany - 1. Bundesliga,2015/2016,['Hamburger SV'],Goalkeeper,23499,Jaroslav Drobný,10,9,9,893,1,0,1,0,0,0,0,0.0,1,0,314,158,268,0,8,133,758.81,14,0,2,2,0,0,0,0,0,0,46,0,0,0,1,0,10,76,36,1,4
Germany - 1. Bundesliga,2015/2016,['Hamburger SV'],Goalkeeper,8560,René Adler,24,24,22,2179,0,1,3,1,0,0,0,0.0,1,0,831,434,683,0,15,402,2149.06,40,0,1,1,0,0,0,0,0,2,131,5,0,4,4,0,33,213,85,0,6
Germany - 1. Bundesliga,2015/2016,['Hamburger SV'],Goalkeeper,23702,Tom Mickel,1,1,1,94,0,0,0,0,0,0,0,0.0,0,0,24,17,20,0,0,7,39.79,1,0,0,0,0,0,0,0,0,0,2,0,0,0,0,0,1,5,6,0,0
Germany - 1. Bundesliga,2015/2016,['Hamburger SV'],Right Back,8316,Dennis Diekmeier,22,15,15,1550,7,0,1,0,4,1,0,0.06,0,8,669,493,154,37,17,457,2620.0,58,10,14,9,68,2,12,3,27,34,63,220,17,12,22,0,0,0,0,0,0
Germany - 1. Bundesliga,2015/2016,['Hamburger SV'],Right Back,6339,Gotoku Sakai,22,21,20,1990,1,1,2,0,11,5,0,0.37,1,13,1031,761,274,30,28,644,3844.56,81,9,24,16,96,16,42,15,41,65,89,314,24,20,13,0,0,0,0,0,0
Germany - 1. Bundesliga,2015/2016,['Hamburger SV'],Right Center Back,40468,Cleber Reis,23,15,14,1588,8,1,2,0,14,6,1,1.34,0,1,758,587,224,1,43,523,2727.03,38,4,18,15,93,15,25,8,37,101,97,228,7,23,15,0,0,0,0,0,0
Germany - 1. Bundesliga,2015/2016,['Hamburger SV'],Right Center Back,6359,Johan Djourou,26,26,24,2409,0,1,7,2,8,3,2,1.14,0,1,1123,933,371,3,78,811,3666.3,62,1,2,1,75,8,20,6,50,119,83,226,9,42,12,0,0,0,0,0,0
Germany - 1. Bundesliga,2015/2016,['Hamburger SV'],Left Center Back,26791,Emir Spahić,26,26,24,2376,0,1,7,1,10,1,0,0.86,0,2,1290,999,430,5,36,832,5614.45,94,1,9,8,109,7,43,10,60,180,108,282,8,32,10,0,0,0,0,0,0
Germany - 1. Bundesliga,2015/2016,['Hamburger SV'],Left Back,8547,Matthias Ostrzolek,32,32,31,2991,0,1,5,0,12,0,0,0.32,2,22,1634,1183,463,54,34,1128,7110.07,138,16,41,22,119,13,58,20,91,76,171,431,28,26,61,0,0,0,0,0,0
Germany - 1. Bundesliga,2015/2016,['Hamburger SV'],Right Defensive Midfield,5624,Albin Ekdal,14,14,9,1184,0,5,4,0,6,0,0,0.17,0,5,591,460,127,1,7,432,2611.86,47,1,9,4,52,5,20,11,24,32,69,230,9,31,39,1,0,0,0,0,0
Germany - 1. Bundesliga,2015/2016,['Hamburger SV'],Right Defensive Midfield,8323,Gideon Jung,18,13,10,1250,5,3,4,0,9,2,0,0.4,0,3,455,350,92,0,16,356,1440.93,12,1,16,9,60,3,9,4,27,28,76,295,19,27,26,0,0,0,0,0,0
Germany - 1. Bundesliga,2015/2016,['Hamburger SV'],Right Defensive Midfield,9407,Gojko Kačar,19,12,7,1191,7,5,3,0,8,4,1,0.66,0,1,529,412,109,1,15,355,1935.56,36,6,5,4,91,12,15,6,30,30,54,300,7,27,14,0,0,0,0,0,0
Germany - 1. Bundesliga,2015/2016,['Hamburger SV'],Left Defensive Midfield,8891,Lewis Holtby,34,34,23,3008,0,11,4,0,32,10,3,2.63,2,37,1795,1382,432,33,92,1324,7059.44,113,18,71,40,171,26,31,15,88,50,229,951,50,83,72,0,0,0,0,0,0
Germany - 1. Bundesliga,2015/2016,['Hamburger SV'],Left Defensive Midfield,27341,Marcelo Díaz,11,4,2,512,7,2,1,0,9,3,0,0.25,0,6,377,319,86,2,13,265,1110.48,12,0,3,1,15,2,4,0,6,6,35,103,1,8,6,0,0,0,0,0,0
Germany - 1. Bundesliga,2015/2016,['Hamburger SV'],Right Wing,8309,Michael Gregoritsch,25,15,8,1523,10,7,6,0,53,18,5,4.71,0,18,595,372,126,10,5,430,2415.73,44,20,21,9,112,7,12,5,34,17,63,282,25,29,27,0,0,0,0,0,0
Germany - 1. Bundesliga,2015/2016,['Hamburger SV'],Right Wing,24205,Nabil Bahoui,6,2,0,232,4,2,1,0,3,1,0,0.15,0,3,56,31,11,2,3,56,376.37,6,2,4,4,9,2,0,0,6,2,6,65,13,9,1,0,0,0,0,0,0
Germany - 1. Bundesliga,2015/2016,['Hamburger SV'],Right Wing,8302,Nicolai Müller,29,27,10,2228,2,17,6,0,37,18,9,5.42,5,20,686,463,119,27,5,677,4290.41,104,42,64,32,132,22,13,10,72,18,120,647,58,62,38,0,0,0,0,0,0
Germany - 1. Bundesliga,2015/2016,['Hamburger SV'],Right Wing,13370,Zoltán Stieber,1,0,0,12,1,0,0,0,0,0,0,0.0,0,0,2,2,1,0,0,2,33.26,1,0,0,0,0,0,1,0,0,0,0,0,0,0,0,0,0,0,0,0,0
Germany - 1. Bundesliga,2015/2016,"['Hamburger SV', 'Wolfsburg']",Center Attacking Midfield,8308,Aaron Hunt,23,20,12,1813,3,8,2,0,24,11,1,1.91,2,35,870,625,135,30,40,684,4417.33,74,22,37,25,79,11,7,4,42,9,108,359,27,32,47,1,0,0,0,0,0
Germany - 1. Bundesliga,2015/2016,['Hamburger SV'],Left Wing,48718,Ahmet Arslan,1,0,0,8,1,0,0,0,0,0,0,0.0,0,0,1,1,0,0,0,1,0.0,0,0,0,0,0,0,0,0,0,0,0,1,0,0,0,0,0,0,0,0,0
Germany - 1. Bundesliga,2015/2016,['Hamburger SV'],Left Wing,24740,Ivo Iličević,31,24,12,2241,7,12,3,0,43,15,4,4.37,2,26,839,602,108,44,30,813,6235.69,120,40,69,44,115,20,19,9,48,14,127,519,43,44,47,0,0,0,0,0,0
Germany - 1. Bundesliga,2015/2016,['Hamburger SV'],Right Center Forward,19289,Ivica Olić,9,0,0,206,9,0,0,0,5,1,0,0.32,0,1,54,32,5,5,0,32,200.45,4,3,1,1,11,0,0,0,4,2,6,59,0,7,0,0,0,0,0,0,0
Germany - 1. Bundesliga,2015/2016,"['Borussia Mönchengladbach', 'Hamburger SV']",Left Center Forward,5835,Josip Drmic,19,9,4,927,10,5,2,0,15,5,2,2.2,0,5,279,188,39,8,7,226,1300.62,28,24,22,8,61,3,9,4,16,8,35,157,16,18,5,0,0,0,0,0,0
Germany - 1. Bundesliga,2015/2016,['Hamburger SV'],Center Forward,40473,Artoms Rudņevs,11,6,2,636,5,4,1,0,15,9,2,2.03,1,4,163,100,22,7,4,124,765.6,22,11,10,3,71,1,1,0,10,9,17,129,14,13,5,0,0,0,0,0,0
Germany - 1. Bundesliga,2015/2016,['Hamburger SV'],Center Forward,400873,Mustafa Batuhan Altıntaş,1,0,0,31,1,0,1,0,1,0,0,0.15,0,0,6,4,1,0,0,6,21.62,0,1,0,0,0,0,0,0,0,0,4,15,1,3,0,0,0,0,0,0,0
Germany - 1. Bundesliga,2015/2016,['Hamburger SV'],Center Forward,8895,Pierre-Michel Lasogga,30,21,9,1851,9,12,5,0,52,15,8,7.76,2,16,491,336,59,13,10,412,2042.51,37,27,28,15,130,2,4,3,19,31,57,462,33,56,34,0,0,0,0,0,0
Germany - 1. Bundesliga,2015/2016,['Hamburger SV'],Center Forward,8321,Sven Schipplock,20,9,3,995,11,6,3,0,12,4,0,1.18,4,10,257,171,35,8,5,204,1096.47,31,20,16,5,79,3,6,5,23,14,36,316,17,36,24,0,0,0,0,0,0
Germany - 1. Bundesliga,2015/2016,['Hannover 96'],Goalkeeper,8947,Ron-Robert Zieler,34,34,34,3196,0,0,3,0,0,0,0,0.0,0,0,1227,841,865,0,37,610,3802.53,76,0,0,0,0,0,0,0,0,0,187,9,0,0,5,0,62,298,145,0,5
Germany - 1. Bundesliga,2015/2016,['Hannover 96'],Right Back,131141,Fynn Arkenberg,2,2,2,184,0,0,0,0,1,0,0,0.03,0,0,59,36,22,2,1,40,354.91,13,2,3,2,10,3,1,1,8,6,11,50,4,3,3,0,0,0,0,0,0
Germany - 1. Bundesliga,2015/2016,['Hannover 96'],Right Back,3530,Hiroki Sakai,26,25,25,2402,1,0,1,0,11,3,1,0.69,0,11,1300,935,384,40,13,690,4100.47,101,13,19,11,128,15,44,8,62,98,107,385,25,27,22,0,0,0,0,0,0
Germany - 1. Bundesliga,2015/2016,['Hannover 96'],Right Center Back,23341,Alexander Milosevic,10,10,8,852,0,2,1,0,6,2,0,0.35,0,0,340,277,87,0,6,175,713.99,11,0,0,0,41,2,18,3,20,44,25,93,0,14,4,0,0,0,0,0,0
Germany - 1. Bundesliga,2015/2016,['Hannover 96'],Right Center Back,3164,Marcelo,19,19,19,1792,0,0,4,0,7,3,1,0.76,0,2,922,742,279,0,44,600,3671.4,75,2,4,3,57,6,26,3,34,131,86,164,3,25,6,0,0,0,0,0,0
Germany - 1. Bundesliga,2015/2016,['Hannover 96'],Right Center Back,8538,Waldemar Anton,8,6,5,607,2,1,2,0,6,1,1,0.43,0,1,246,187,68,1,2,164,1025.6,17,2,2,2,20,2,11,5,15,39,49,105,6,10,5,0,0,0,0,0,0
Germany - 1. Bundesliga,2015/2016,['Hannover 96'],Left Center Back,400614,Christian Schulz,25,24,22,2215,1,2,6,0,8,4,2,1.1,0,4,996,821,273,4,17,608,3365.7,65,3,2,2,80,5,43,8,47,156,44,198,3,42,12,0,0,0,0,0,0
Germany - 1. Bundesliga,2015/2016,['Hannover 96'],Left Back,13126,Miiko Albornoz,23,23,22,2169,0,1,1,0,8,2,0,0.21,1,29,1039,747,336,56,35,620,3572.0,82,7,28,18,103,13,30,7,59,63,114,357,17,26,40,0,0,0,0,0,0
Germany - 1. Bundesliga,2015/2016,['Hannover 96'],Left Back,12316,Oliver Sorg,20,19,15,1648,1,4,4,0,6,0,0,0.2,0,6,747,524,252,16,9,416,2158.83,29,1,15,6,58,7,24,7,30,27,67,235,9,18,25,0,0,0,0,0,0
Germany - 1. Bundesliga,2015/2016,['Hannover 96'],Right Defensive Midfield,30287,Ceyhun Gülselam,13,9,7,866,4,2,8,0,16,4,0,0.44,1,6,423,308,120,4,17,271,1710.38,38,0,12,8,58,5,9,3,26,34,42,229,11,33,18,0,0,0,0,0,0
Germany - 1. Bundesliga,2015/2016,['Hannover 96'],Right Defensive Midfield,5694,Hotaru Yamaguchi,6,6,3,415,0,3,1,0,3,1,0,0.09,0,1,167,139,28,1,1,95,233.71,2,0,1,0,18,1,8,2,17,10,15,112,2,3,1,0,0,0,0,0,0
Germany - 1. Bundesliga,2015/2016,['Hannover 96'],Right Defensive Midfield,400613,Leon Andreasen,15,13,7,1129,2,6,4,0,19,7,2,2.15,1,12,389,269,89,12,16,262,1507.07,32,9,6,3,67,4,7,5,19,28,49,218,12,28,12,0,0,0,0,0,0
Germany - 1. Bundesliga,2015/2016,['Hannover 96'],Center Defensive Midfield,12294,Andre Hoffmann,8,7,4,533,1,3,2,0,4,1,0,0.14,0,1,312,244,69,0,1,193,874.63,10,1,5,3,26,3,8,1,11,20,35,131,4,9,4,0,0,0,0,0,0
Germany - 1. Bundesliga,2015/2016,['Hannover 96'],Left Defensive Midfield,8543,Manuel Schmiedebach,22,22,13,1859,0,9,4,0,11,4,1,0.64,1,18,1000,733,241,13,11,762,3937.38,57,7,22,16,90,13,37,10,53,19,144,542,24,48,34,0,0,0,0,0,0
Germany - 1. Bundesliga,2015/2016,['Hannover 96'],Left Defensive Midfield,5664,Salif Sané,31,30,29,2879,1,1,8,0,36,8,2,1.79,0,9,1531,1177,420,11,50,1129,6411.0,114,6,46,33,145,17,38,12,81,135,194,486,31,57,63,0,0,0,0,0,0
Germany - 1. Bundesliga,2015/2016,['Hannover 96'],Left Center Midfield,13125,Iver Tobias Rørvik Fossum,9,8,4,735,1,4,0,0,13,4,0,0.83,0,10,323,235,41,7,6,236,1376.96,28,6,13,7,30,0,8,2,24,8,31,263,12,12,9,0,0,0,0,0,0
Germany - 1. Bundesliga,2015/2016,['Hannover 96'],Left Midfield,8551,Felix Klaus,18,9,0,828,9,9,1,0,19,8,1,0.96,0,5,208,148,22,3,7,213,1458.63,28,17,23,10,47,7,9,4,18,7,36,176,19,14,29,0,0,0,0,0,0
Germany - 1. Bundesliga,2015/2016,['Hannover 96'],Left Midfield,9410,Marius Wolf,2,2,0,142,0,2,1,0,1,0,0,0.03,0,0,16,8,6,1,1,19,96.13,1,1,1,0,7,0,3,2,6,7,1,51,3,1,1,0,0,0,0,0,0
Germany - 1. Bundesliga,2015/2016,['Hannover 96'],Right Wing,21311,Noah-Joel Sarenren-Bazee,5,5,1,386,0,4,1,0,18,4,0,1.49,3,3,60,30,7,8,2,95,878.47,28,20,11,10,18,0,0,0,5,0,25,57,16,14,10,0,0,0,0,0,0
Germany - 1. Bundesliga,2015/2016,['Hannover 96'],Right Wing,24244,Uffe Bech,11,8,3,703,3,5,1,0,9,3,1,1.0,1,8,212,147,24,15,2,197,1175.18,21,12,15,5,42,1,2,1,21,6,31,185,14,15,12,0,0,0,0,0,0
Germany - 1. Bundesliga,2015/2016,['Hannover 96'],Right Wing,49010,Valmir Sulejmani,4,1,0,132,3,1,0,0,2,0,0,0.09,0,0,33,20,5,2,1,42,318.21,6,5,4,2,5,1,1,1,1,0,14,56,4,1,3,0,0,0,0,0,0
Germany - 1. Bundesliga,2015/2016,['Hannover 96'],Center Attacking Midfield,3016,Allan Saint-Maximin,16,1,0,502,15,1,1,0,6,2,1,0.34,0,4,137,87,16,7,6,189,1424.29,44,11,30,18,15,2,1,0,4,1,36,93,14,4,9,0,0,0,0,0,0
Germany - 1. Bundesliga,2015/2016,['Hannover 96'],Center Attacking Midfield,8542,Felipe,8,1,1,163,7,0,2,0,0,0,0,0.0,0,0,28,20,12,0,2,22,153.18,4,0,2,1,6,1,4,2,2,10,1,8,0,4,5,1,0,0,0,0,0
Germany - 1. Bundesliga,2015/2016,['Hannover 96'],Center Attacking Midfield,38524,Hiroshi Kiyotake,21,20,13,1828,1,7,0,0,28,8,5,3.04,6,50,996,719,191,48,43,769,4252.93,67,18,59,43,46,5,7,4,20,3,85,171,48,8,39,0,0,0,0,0,0
Germany - 1. Bundesliga,2015/2016,['Hannover 96'],Center Attacking Midfield,15146,Mike Bähre,1,0,0,18,1,0,0,0,0,0,0,0.0,0,0,4,3,0,0,0,2,6.14,0,0,1,0,0,0,0,0,0,0,0,6,1,1,0,0,0,0,0,0,0
Germany - 1. Bundesliga,2015/2016,['Hannover 96'],Center Attacking Midfield,23242,Tim Dierßen,1,0,0,21,1,0,0,0,0,0,0,0.0,0,0,3,1,2,1,0,2,19.49,0,0,0,0,2,0,0,0,0,0,0,7,0,0,0,0,0,0,0,0,0
Germany - 1. Bundesliga,2015/2016,['Hannover 96'],Left Wing,24914,Edgar Prib,20,16,9,1384,4,7,3,0,23,9,0,1.36,2,16,630,425,156,36,24,510,3201.54,70,9,39,16,50,14,11,5,31,25,90,376,30,56,28,0,0,0,0,0,0
Germany - 1. Bundesliga,2015/2016,['Hannover 96'],Left Wing,8541,Kenan Karaman,23,19,15,1816,4,4,1,0,44,18,3,4.21,2,14,505,356,88,16,6,593,3934.69,84,34,51,27,77,8,10,6,40,16,116,343,59,20,39,0,0,0,0,0,0
Germany - 1. Bundesliga,2015/2016,"['Hannover 96', 'Hoffenheim']",Right Center Forward,8407,Ádám Szalai,16,7,6,853,9,1,2,0,20,5,0,2.37,1,8,264,182,33,7,6,234,1382.43,24,20,26,18,52,3,6,3,12,3,29,167,35,22,12,0,0,0,0,0,0
Germany - 1. Bundesliga,2015/2016,['Hannover 96'],Left Center Forward,20359,Hugo Almeida,7,5,5,557,2,0,1,0,14,3,1,0.91,0,6,210,113,32,11,7,91,366.32,3,12,4,3,31,0,0,0,2,8,14,45,4,4,6,0,0,0,0,0,0
Germany - 1. Bundesliga,2015/2016,['Hannover 96'],Center Forward,11845,Artur Sobiech,25,19,11,1707,6,8,3,0,30,13,7,4.32,0,20,415,297,35,6,3,305,1332.12,20,35,10,7,131,2,0,0,24,8,50,362,31,43,26,0,0,0,0,0,0
Germany - 1. Bundesliga,2015/2016,['Hannover 96'],Center Forward,8558,Charlison Benschop,9,2,0,368,7,2,0,0,7,5,1,0.63,0,1,74,52,3,2,1,60,312.16,7,2,0,0,11,0,1,0,4,2,10,81,8,7,2,0,0,0,0,0,0
Germany - 1. Bundesliga,2015/2016,['Hannover 96'],Center Forward,20027,Mevlüt Erdinç,11,3,0,415,8,3,0,0,7,2,0,1.32,1,3,49,40,1,1,1,56,420.14,12,7,10,3,18,0,0,0,5,6,7,34,8,6,8,0,0,0,0,0,0
Germany - 1. Bundesliga,2015/2016,['Hertha Berlin'],Goalkeeper,8577,Rune Jarstein,29,28,28,2685,1,0,2,0,0,0,0,0.0,0,0,1399,878,1050,0,28,861,4609.38,65,0,1,1,0,0,0,0,0,0,131,4,0,0,4,0,35,240,88,0,12
Germany - 1. Bundesliga,2015/2016,['Hertha Berlin'],Goalkeeper,17313,Thomas Kraft,6,6,5,522,0,1,0,0,0,0,0,0.0,0,0,247,150,188,0,5,126,773.39,9,0,0,0,1,0,0,0,1,0,33,2,1,0,3,0,7,45,15,0,2
Germany - 1. Bundesliga,2015/2016,['Hertha Berlin'],Right Back,8576,Mitchell Weiser,29,27,23,2543,2,4,7,0,16,3,2,1.38,4,17,1228,888,242,48,22,1007,6183.24,145,38,97,52,129,17,30,13,54,38,156,556,59,32,69,0,0,0,0,0,0
Germany - 1. Bundesliga,2015/2016,['Hertha Berlin'],Right Back,9722,Peter Pekarík,12,12,11,1115,0,1,1,0,3,1,0,0.1,1,5,611,475,135,27,13,371,2233.73,47,6,20,8,37,7,13,5,28,33,49,176,9,13,16,0,0,0,0,0,0
Germany - 1. Bundesliga,2015/2016,['Hertha Berlin'],Right Center Back,8570,Niklas Stark,21,15,13,1493,6,1,3,1,14,4,2,1.3,0,1,794,688,174,0,37,577,3783.06,78,2,7,5,55,3,17,4,28,74,57,202,4,26,30,0,0,0,0,0,0
Germany - 1. Bundesliga,2015/2016,['Hertha Berlin'],Right Center Back,8580,Sebastian Langkamp,22,22,20,1967,0,2,8,0,2,1,0,0.67,1,2,1190,1024,344,0,42,855,4760.87,86,1,4,3,74,8,17,3,36,139,47,203,2,17,31,0,0,0,0,0,0
Germany - 1. Bundesliga,2015/2016,['Hertha Berlin'],Left Center Back,8965,Fabian Lustenberger,30,30,22,2632,0,8,5,0,10,4,1,0.79,0,8,1389,1221,288,0,56,930,3235.73,31,3,5,4,105,11,27,13,56,127,99,443,5,32,51,0,0,0,0,0,0
Germany - 1. Bundesliga,2015/2016,['Hertha Berlin'],Left Center Back,12327,John Brooks,22,20,20,1903,2,0,3,0,9,3,1,0.84,1,1,1211,1039,355,0,84,902,5652.86,103,1,8,3,57,6,20,5,29,118,64,168,4,22,21,0,0,0,0,0,0
Germany - 1. Bundesliga,2015/2016,['Hertha Berlin'],Left Back,5569,Marvin Plattenhardt,33,33,33,3110,0,0,5,0,14,3,2,0.6,4,29,1774,1359,469,96,52,1077,5850.78,128,4,31,12,78,10,31,14,52,76,137,321,23,40,41,0,0,0,0,0,0
Germany - 1. Bundesliga,2015/2016,['Hertha Berlin'],Left Back,12407,Maximilian Mittelstädt,3,2,2,194,1,0,0,0,1,0,0,0.03,1,1,73,56,14,2,1,61,308.94,5,1,2,0,2,1,7,3,8,2,10,48,2,1,3,0,0,0,0,0,0
Germany - 1. Bundesliga,2015/2016,['Hertha Berlin'],Right Defensive Midfield,8578,Per Ciljan Skjelbred,31,31,25,2806,0,6,9,0,4,0,0,0.31,2,6,1551,1318,223,5,37,1138,5429.51,61,4,22,18,109,17,24,10,68,53,165,642,17,66,39,0,0,0,0,0,0
Germany - 1. Bundesliga,2015/2016,['Hertha Berlin'],Left Defensive Midfield,40474,Jens Hegeler,15,3,0,531,12,3,1,0,13,3,0,1.26,0,1,215,180,23,0,1,157,828.82,8,4,5,5,42,4,6,1,11,12,16,122,5,16,8,0,0,0,0,0,0
Germany - 1. Bundesliga,2015/2016,['Hertha Berlin'],Left Defensive Midfield,11131,Julian Schieber,6,0,0,163,6,0,1,0,2,0,0,0.07,1,1,31,16,4,0,0,23,121.84,2,1,2,0,10,1,1,0,1,1,2,44,5,4,4,0,0,0,0,0,0
Germany - 1. Bundesliga,2015/2016,['Hertha Berlin'],Left Defensive Midfield,30439,Tolga Ciğerci,18,13,3,1065,5,10,2,0,24,8,0,1.33,2,7,664,540,89,13,28,537,2940.26,40,8,27,15,53,8,17,8,24,16,86,280,15,17,20,0,0,0,0,0,0
Germany - 1. Bundesliga,2015/2016,['Hertha Berlin'],Right Midfield,15543,Roy Beerens,2,2,0,111,0,1,1,1,1,0,0,0.02,0,1,25,18,3,3,1,34,223.03,7,1,2,1,0,0,1,1,0,0,3,17,4,2,2,0,0,0,0,0,0
Germany - 1. Bundesliga,2015/2016,['Hertha Berlin'],Left Center Midfield,352950,Florian Kohls,1,0,0,9,1,0,0,0,1,0,0,0.02,0,0,3,2,1,0,0,2,4.01,0,0,0,0,1,0,0,0,0,1,1,3,0,0,0,0,0,0,0,0,0
Germany - 1. Bundesliga,2015/2016,['Hertha Berlin'],Left Midfield,8883,Johannes van den Bergh,13,1,0,277,12,1,1,0,1,1,0,0.06,1,2,98,69,23,8,1,74,405.61,9,0,2,1,9,0,1,0,4,6,12,61,2,3,3,0,0,0,0,0,0
Germany - 1. Bundesliga,2015/2016,['Hertha Berlin'],Left Midfield,9721,Valentin Stocker,20,10,2,882,10,8,2,0,15,4,1,1.3,0,8,212,125,41,15,10,196,963.83,27,24,19,8,63,2,6,3,26,5,45,293,17,31,8,0,0,0,0,0,0
Germany - 1. Bundesliga,2015/2016,['Hertha Berlin'],Right Wing,5697,Genki Haraguchi,32,28,18,2622,4,10,4,0,31,13,2,2.61,3,23,778,558,92,57,14,785,6359.74,160,53,90,54,128,13,16,3,60,12,120,582,45,33,42,0,0,0,0,0,0
Germany - 1. Bundesliga,2015/2016,['Hertha Berlin'],Center Attacking Midfield,33459,Alexander Baumjohann,24,1,0,542,23,1,0,0,8,3,1,1.16,2,13,230,162,28,5,2,264,1804.29,36,10,23,14,15,4,0,0,6,0,39,93,34,2,18,0,0,0,0,0,0
Germany - 1. Bundesliga,2015/2016,['Hertha Berlin'],Center Attacking Midfield,8579,Vladimír Darida,31,30,18,2686,1,12,6,0,41,16,5,2.98,2,33,1710,1356,239,43,48,1295,6023.02,61,27,25,18,93,9,18,8,47,34,150,513,44,64,56,0,0,0,0,0,0
Germany - 1. Bundesliga,2015/2016,['Hertha Berlin'],Left Wing,8575,Salomon Kalou,32,30,10,2586,2,20,2,0,55,23,14,9.33,2,20,666,511,66,25,8,764,6451.88,148,67,81,43,115,4,10,3,46,16,101,378,78,43,42,0,0,0,0,0,0
Germany - 1. Bundesliga,2015/2016,['Hertha Berlin'],Center Forward,400623,Ronny Heberson Furtado de Araújo,1,0,0,34,1,0,0,0,2,1,0,0.08,0,0,10,8,2,0,1,10,72.94,1,0,0,0,3,0,0,0,1,0,1,4,2,1,1,0,0,0,0,0,0
Germany - 1. Bundesliga,2015/2016,['Hertha Berlin'],Center Forward,8571,Vedad Ibišević,26,25,17,2175,1,7,5,1,61,32,10,9.92,4,17,571,392,63,7,17,461,2175.04,32,39,33,15,158,5,5,3,24,14,66,412,36,48,43,0,0,0,0,0,0
Germany - 1. Bundesliga,2015/2016,['Hoffenheim'],Goalkeeper,37972,Jens Grahl,1,1,1,93,0,0,0,0,0,0,0,0.0,0,0,25,20,12,0,0,11,34.61,0,0,0,0,0,0,0,0,0,0,1,1,0,0,0,0,4,4,5,0,0
Germany - 1. Bundesliga,2015/2016,['Hoffenheim'],Goalkeeper,8393,Oliver Baumann,33,33,33,3123,0,0,1,0,0,0,0,0.0,0,2,1478,941,977,0,33,749,3633.75,53,0,0,0,0,0,0,0,1,0,205,1,1,0,6,0,50,337,147,0,6
Germany - 1. Bundesliga,2015/2016,['Hoffenheim'],Right Back,9397,Pavel Kadeřábek,28,25,22,2346,3,3,2,0,6,2,0,0.33,1,10,1045,747,285,47,10,531,3443.27,87,11,18,10,98,2,33,8,71,87,72,264,18,26,27,0,0,0,0,0,0
Germany - 1. Bundesliga,2015/2016,['Hoffenheim'],Right Center Back,5537,Fabian Schär,24,20,16,1828,4,4,3,0,18,3,1,1.18,0,5,888,705,376,0,56,626,4222.95,105,1,9,7,63,2,25,10,46,122,70,172,6,32,21,1,0,0,0,0,0
Germany - 1. Bundesliga,2015/2016,['Hoffenheim'],Left Center Back,9396,Ermin Bičakčić,21,18,15,1675,3,2,3,1,8,0,0,0.98,0,2,760,631,215,1,17,489,3241.69,74,0,4,2,62,3,23,2,54,130,52,160,1,13,21,0,0,0,0,0,0
Germany - 1. Bundesliga,2015/2016,['Hoffenheim'],Left Center Back,6322,Niklas Süle,33,33,33,3123,0,0,4,0,8,2,0,0.69,0,5,1691,1441,489,2,44,1175,6601.74,109,2,3,3,97,6,35,9,78,201,113,252,5,20,21,0,0,0,0,0,0
Germany - 1. Bundesliga,2015/2016,['Hoffenheim'],Left Back,8392,Jeremy Toljan,18,16,16,1572,2,0,0,0,6,4,1,0.74,0,5,703,517,170,14,8,434,3268.52,76,23,23,14,56,1,24,10,66,38,77,180,24,5,23,1,0,0,0,0,0
Germany - 1. Bundesliga,2015/2016,['Hoffenheim'],Left Back,40538,Kim Jin-Su,15,14,13,1379,1,1,3,0,7,2,0,0.17,0,4,662,480,220,9,8,365,2576.5,59,1,15,5,38,4,31,13,35,53,62,238,15,20,20,0,0,0,0,0,0
Germany - 1. Bundesliga,2015/2016,['Hoffenheim'],Right Defensive Midfield,8556,Pirmin Schwegler,21,16,10,1485,5,6,5,0,7,2,0,0.45,0,9,743,597,162,6,11,473,2080.31,25,9,13,7,79,9,16,5,29,34,67,313,12,36,30,0,0,0,0,0,0
Germany - 1. Bundesliga,2015/2016,['Hoffenheim'],Right Defensive Midfield,6039,Sebastian Rudy,24,22,11,1857,2,10,8,1,14,4,2,1.1,1,19,964,733,213,13,30,725,3762.26,62,11,26,13,97,16,19,11,51,24,114,508,19,57,26,0,0,0,0,0,0
Germany - 1. Bundesliga,2015/2016,['Hoffenheim'],Center Defensive Midfield,13369,Russell Canouse,1,0,0,29,1,0,0,0,0,0,0,0.0,0,0,8,7,1,0,0,5,26.1,1,0,0,0,0,0,1,0,1,3,1,3,0,0,0,0,0,0,0,0,0
Germany - 1. Bundesliga,2015/2016,['Hoffenheim'],Left Defensive Midfield,8404,Eugen Polanski,27,20,13,1847,7,7,8,0,24,5,1,1.58,3,14,899,691,236,8,15,679,3713.96,59,5,24,16,99,10,24,11,49,34,118,554,21,44,48,1,0,0,0,0,0
Germany - 1. Bundesliga,2015/2016,['Hoffenheim'],Left Defensive Midfield,12321,Tobias Strobl,26,22,20,2185,4,2,5,0,11,3,0,0.53,1,10,1128,926,283,18,31,780,4549.14,78,3,18,8,114,16,26,15,70,65,92,500,17,46,37,0,0,0,0,0,0
Germany - 1. Bundesliga,2015/2016,['Hoffenheim'],Right Midfield,26832,Tarik Elyounoussi,6,5,3,440,1,2,0,0,3,0,0,0.28,1,5,160,117,24,9,2,145,886.15,24,7,10,6,20,2,4,2,9,8,20,97,3,5,13,0,0,0,0,0,0
Germany - 1. Bundesliga,2015/2016,['Hoffenheim'],Left Center Midfield,9720,Philipp Ochs,13,6,1,600,7,5,0,0,5,1,0,0.19,1,6,246,183,37,2,3,179,1092.61,24,3,6,3,35,6,6,4,11,8,26,165,9,10,5,0,0,0,0,0,0
Germany - 1. Bundesliga,2015/2016,['Hoffenheim'],Left Midfield,8311,Jonathan Schmid,23,16,8,1522,7,8,1,0,20,11,4,2.53,0,24,419,285,66,23,17,325,2097.92,48,23,23,6,52,2,17,8,44,14,67,262,25,13,25,0,0,0,0,0,0
Germany - 1. Bundesliga,2015/2016,['Hoffenheim'],Left Midfield,5548,Steven Zuber,12,6,3,621,6,3,1,0,17,4,2,1.14,0,7,220,148,33,11,2,215,1368.52,25,18,22,10,30,2,2,1,22,3,39,156,15,13,9,0,0,0,0,0,0
Germany - 1. Bundesliga,2015/2016,['Hoffenheim'],Right Wing,8387,Mark Uth,25,16,8,1489,9,8,2,0,33,18,8,5.49,1,14,388,284,53,9,17,399,2339.17,37,39,38,16,57,6,11,6,52,10,57,408,28,25,23,0,0,0,0,0,0
Germany - 1. Bundesliga,2015/2016,['Hoffenheim'],Center Attacking Midfield,30847,Jiloan Hamad,7,4,0,330,3,4,1,0,4,1,1,0.42,0,2,126,84,27,2,2,107,652.1,12,6,6,2,13,1,2,1,6,3,26,84,3,8,5,0,0,0,0,0,0
Germany - 1. Bundesliga,2015/2016,['Hoffenheim'],Center Attacking Midfield,13291,Joelinton,1,0,0,3,1,0,0,0,2,0,0,0.09,0,0,3,2,1,0,0,3,17.54,0,1,0,0,0,0,0,0,0,0,2,0,0,0,0,0,0,0,0,0,0
Germany - 1. Bundesliga,2015/2016,['Hoffenheim'],Center Attacking Midfield,8403,Nadiem Amiri,25,16,8,1538,9,8,4,0,37,14,4,2.32,4,31,630,463,109,23,25,603,4333.14,78,40,57,27,51,10,10,7,23,7,100,442,40,33,41,0,0,0,0,0,0
Germany - 1. Bundesliga,2015/2016,['Hoffenheim'],Left Wing,8215,Kevin Volland,33,31,23,2847,2,8,8,0,63,22,8,8.88,7,35,921,523,208,93,31,966,6231.13,139,89,93,49,148,16,13,6,50,15,140,695,94,73,86,0,0,0,0,0,0
Germany - 1. Bundesliga,2015/2016,['Hoffenheim'],Right Center Forward,19836,Kevin Kuranyi,14,5,1,574,9,4,0,0,10,3,0,1.99,0,4,183,105,27,1,4,119,489.72,6,9,13,5,40,0,1,1,12,5,13,114,9,20,8,0,0,0,0,0,0
Germany - 1. Bundesliga,2015/2016,['Hoffenheim'],Center Forward,5460,Andrej Kramarić,15,12,8,1132,3,3,1,1,42,21,5,6.37,2,7,336,253,38,15,7,361,2673.08,57,33,32,26,29,1,3,3,11,2,35,187,33,9,15,0,0,0,0,0,0
Germany - 1. Bundesliga,2015/2016,['Hoffenheim'],Center Forward,27317,Eduardo Vargas,24,16,5,1563,8,11,1,0,33,12,2,3.45,3,24,557,407,81,13,12,511,3583.49,69,33,58,39,96,9,5,3,19,2,79,300,38,28,23,0,0,0,0,0,0
Germany - 1. Bundesliga,2015/2016,['Ingolstadt'],Goalkeeper,12319,Ramazan Özcan,28,28,28,2646,0,0,1,0,0,0,0,0.0,0,0,1102,515,976,0,46,544,3531.55,80,0,4,3,0,0,0,0,0,1,150,2,0,0,8,0,29,205,60,0,10
Germany - 1. Bundesliga,2015/2016,['Ingolstadt'],Goalkeeper,10483,Ørjan Nyland,6,6,6,572,0,0,0,0,0,0,0,0.0,0,0,214,93,196,0,10,124,950.78,13,0,0,0,0,0,0,0,0,0,36,1,0,0,0,0,13,39,15,1,0
Germany - 1. Bundesliga,2015/2016,['Ingolstadt'],Right Back,8676,Danny da Costa,19,17,15,1600,2,2,4,0,6,1,0,0.44,3,10,807,547,252,27,10,413,2814.54,56,8,36,18,82,9,24,10,44,47,70,347,14,16,17,0,0,0,0,0,0
Germany - 1. Bundesliga,2015/2016,['Ingolstadt'],Right Back,40460,Tobias Levels,16,16,16,1513,0,0,4,0,4,2,1,0.22,2,5,928,725,197,19,12,449,2434.81,48,2,12,7,76,8,20,9,50,37,63,307,10,25,18,0,0,0,0,0,0
Germany - 1. Bundesliga,2015/2016,['Ingolstadt'],Right Center Back,9106,Marvin Matip,33,32,32,3078,1,0,5,0,25,3,2,2.2,1,5,1056,811,325,5,26,556,4706.46,91,5,4,4,107,6,38,8,64,216,130,234,4,29,24,0,0,0,0,0,0
Germany - 1. Bundesliga,2015/2016,['Ingolstadt'],Left Center Back,8405,Benjamin Hübner,30,30,28,2758,0,2,7,0,19,3,1,1.98,0,3,720,470,311,0,18,330,1953.13,32,4,7,3,128,14,35,8,64,177,67,335,4,53,42,0,0,0,0,0,0
Germany - 1. Bundesliga,2015/2016,['Ingolstadt'],Left Back,9088,Danilo Soares,1,1,1,96,0,0,0,0,1,0,0,0.02,0,0,36,20,10,3,0,17,109.04,3,1,2,1,3,0,2,1,4,5,5,15,2,3,6,0,0,0,0,0,0
Germany - 1. Bundesliga,2015/2016,['Ingolstadt'],Left Back,36641,Konstantin Engel,4,2,1,205,2,1,2,0,2,1,0,0.02,0,1,87,46,42,2,1,33,222.93,4,0,2,1,4,0,8,3,4,7,12,24,0,3,2,0,0,0,0,0,0
Germany - 1. Bundesliga,2015/2016,['Ingolstadt'],Left Back,3221,Markus Suttner,18,15,12,1413,3,3,2,0,20,2,0,0.51,0,15,618,385,272,38,22,307,1654.03,27,2,14,10,59,10,33,10,37,64,71,242,4,17,5,0,0,0,0,0,0
Germany - 1. Bundesliga,2015/2016,['Ingolstadt'],Left Back,8394,Robert Bauer,24,18,16,1782,6,2,5,0,5,1,1,0.11,0,7,724,462,292,16,11,310,1631.17,23,3,11,8,83,12,26,10,55,75,94,335,7,35,29,0,0,0,0,0,0
Germany - 1. Bundesliga,2015/2016,['Ingolstadt'],Center Defensive Midfield,40459,Roger Bernardo,29,28,26,2625,1,2,3,0,16,4,1,0.69,0,6,811,542,292,4,9,481,2275.63,25,0,24,18,122,16,33,15,51,80,193,455,18,46,85,0,0,0,0,0,0
Germany - 1. Bundesliga,2015/2016,['Ingolstadt'],Center Defensive Midfield,13332,Romain Brégerie,21,12,9,1134,9,2,3,1,15,1,0,1.03,0,4,378,246,137,2,11,179,870.96,12,1,1,0,63,3,18,7,33,53,41,192,1,7,7,0,0,0,0,0,0
Germany - 1. Bundesliga,2015/2016,['Ingolstadt'],Right Center Midfield,3097,Pascal Groß,32,32,29,2971,0,2,9,1,68,18,1,2.14,4,95,2026,1275,644,112,96,1202,5793.63,91,21,32,24,128,10,25,12,79,25,181,832,40,42,57,0,0,0,0,0,0
Germany - 1. Bundesliga,2015/2016,['Ingolstadt'],Left Center Midfield,12304,Alfredo Morales,24,18,14,1752,6,4,7,0,31,9,1,1.46,1,9,526,303,134,21,14,412,2199.39,40,27,42,21,106,20,14,6,42,36,92,428,32,55,54,0,0,0,0,0,0
Germany - 1. Bundesliga,2015/2016,['Ingolstadt'],Left Center Midfield,20485,Almog Cohen,20,8,2,886,12,6,2,0,13,2,0,0.91,1,4,275,181,72,1,1,171,884.78,12,3,6,3,60,7,14,5,15,18,37,213,8,21,14,0,0,0,0,0,0
Germany - 1. Bundesliga,2015/2016,['Ingolstadt'],Left Center Midfield,12551,Max Christiansen,18,12,6,1089,6,6,3,0,17,4,0,0.57,1,8,457,310,102,14,17,340,2116.31,33,7,13,5,53,6,8,4,25,16,104,276,14,30,27,0,0,0,0,0,0
Germany - 1. Bundesliga,2015/2016,['Ingolstadt'],Right Wing,40464,Moritz Hartmann,30,24,4,2065,6,20,4,0,53,28,12,11.02,1,19,574,367,84,22,8,446,2365.26,42,30,24,11,137,4,13,8,42,13,88,419,33,29,39,0,0,0,0,0,0
Germany - 1. Bundesliga,2015/2016,['Ingolstadt'],Right Wing,40463,Stefan Lex,20,9,3,946,11,6,2,0,21,13,2,3.45,0,14,160,99,24,12,3,144,807.25,23,18,7,2,60,2,2,0,13,4,30,306,25,21,21,0,0,0,0,0,0
Germany - 1. Bundesliga,2015/2016,['Ingolstadt'],Left Wing,5481,Mathew Leckie,32,28,18,2586,4,10,9,0,40,9,3,4.69,0,29,926,646,110,28,11,876,6913.09,141,46,121,63,211,11,30,15,65,15,190,572,82,53,60,0,0,0,0,0,0
Germany - 1. Bundesliga,2015/2016,['Ingolstadt'],Center Forward,9113,Darío Lezcano,17,15,3,1278,2,12,4,0,29,8,2,3.71,1,15,311,211,27,9,7,361,2207.91,46,43,40,23,167,6,5,3,22,9,57,394,58,38,43,0,0,0,0,0,0
Germany - 1. Bundesliga,2015/2016,['Ingolstadt'],Center Forward,2968,Elias Kachunga,10,3,0,307,7,3,0,0,4,1,0,0.37,0,0,75,48,8,2,0,73,418.56,10,5,5,2,27,1,1,0,3,3,9,88,5,9,10,0,0,0,0,0,0
Germany - 1. Bundesliga,2015/2016,['Ingolstadt'],Center Forward,9103,Lukas Hinterseer,28,19,4,1781,9,15,3,0,30,11,6,3.85,0,11,543,328,63,12,2,480,2191.73,45,42,36,8,127,4,4,2,49,11,84,482,41,32,40,0,0,0,0,0,0
Germany - 1. Bundesliga,2015/2016,['Ingolstadt'],Center Forward,20959,Maurice Multhaup,4,0,0,100,4,0,0,0,2,0,0,0.31,0,0,18,13,1,1,1,21,126.45,3,1,0,0,7,1,1,1,1,0,1,15,2,1,5,0,0,0,0,0,0
Germany - 1. Bundesliga,2015/2016,['Ingolstadt'],Center Forward,400805,Stefan Wannenwetsch,1,0,0,39,1,0,0,0,0,0,0,0.0,0,0,9,6,0,0,0,7,22.41,0,0,0,0,0,0,0,0,0,0,0,32,0,3,0,0,0,0,0,0,0
Germany - 1. Bundesliga,2015/2016,['Ingolstadt'],Center Forward,20355,Tomáš Pekhart,4,1,0,96,3,1,1,0,4,0,0,0.28,0,1,19,14,1,1,0,9,34.19,1,2,0,0,9,0,0,0,1,0,0,21,1,4,0,0,0,0,0,0,0
Germany - 1. Bundesliga,2015/2016,['Schalke 04'],Goalkeeper,8517,Ralf Fährmann,34,34,33,3203,0,1,1,0,0,0,0,0.0,0,0,1333,901,969,0,37,679,3181.62,49,0,0,0,0,0,0,0,6,1,175,4,0,0,5,0,49,330,114,1,8
Germany - 1. Bundesliga,2015/2016,['Schalke 04'],Right Back,30312,Júnior Caiçara,23,22,17,1938,1,5,7,0,12,2,0,0.43,3,36,1285,962,305,54,24,870,4996.55,106,17,40,17,108,10,29,10,70,71,139,358,15,41,13,0,0,0,0,0,0
Germany - 1. Bundesliga,2015/2016,['Schalke 04'],Right Back,25003,Sascha Riether,17,14,14,1397,3,0,3,0,1,0,0,0.11,0,11,813,647,205,35,18,525,2823.51,55,5,6,0,35,3,17,4,34,32,58,168,4,16,8,1,0,0,0,0,0
Germany - 1. Bundesliga,2015/2016,['Schalke 04'],Right Center Back,7016,Benedikt Höwedes,15,10,9,963,5,1,4,0,8,2,1,0.69,0,5,534,457,145,5,14,365,2672.71,74,1,0,0,34,2,16,8,16,44,20,116,0,10,8,0,0,0,0,0,0
Germany - 1. Bundesliga,2015/2016,['Schalke 04'],Right Center Back,3502,Joël Matip,34,34,34,3206,0,0,3,0,31,8,3,3.53,3,8,1732,1447,538,6,76,1219,9780.46,267,7,18,13,99,9,45,22,77,187,108,322,9,56,25,0,0,0,0,0,0
Germany - 1. Bundesliga,2015/2016,['Schalke 04'],Left Center Back,8514,Matija Nastasić,1,1,0,17,0,1,0,0,0,0,0,0.0,0,0,6,6,2,0,0,6,37.96,0,0,0,0,0,0,0,0,0,0,0,0,0,0,0,0,0,0,0,0,0
Germany - 1. Bundesliga,2015/2016,['Schalke 04'],Left Center Back,16534,Roman Neustädter,30,26,22,2498,4,4,4,0,11,2,0,0.75,0,3,1418,1270,394,0,49,1001,5279.07,99,2,6,4,119,13,34,13,58,121,112,298,5,26,10,0,0,0,0,0,0
Germany - 1. Bundesliga,2015/2016,['Schalke 04'],Left Back,8958,Dennis Aogo,23,20,20,1943,3,0,4,0,7,2,0,0.73,1,25,1224,982,223,72,32,752,3571.91,58,5,12,8,51,3,16,2,46,62,80,189,8,27,15,0,0,0,0,0,0
Germany - 1. Bundesliga,2015/2016,['Schalke 04'],Left Back,3510,Sead Kolašinac,23,18,15,1656,5,3,5,0,11,4,1,0.78,0,15,990,760,221,30,11,562,2584.81,54,18,24,12,83,7,27,11,40,38,77,313,9,36,18,0,0,0,0,0,0
Germany - 1. Bundesliga,2015/2016,['Schalke 04'],Right Defensive Midfield,6717,Johannes Geis,28,27,17,2408,1,9,4,1,44,9,2,1.98,5,52,1701,1307,497,42,183,1087,4828.36,70,3,10,8,87,12,20,9,44,45,119,456,7,52,57,0,0,0,0,0,0
Germany - 1. Bundesliga,2015/2016,['Schalke 04'],Right Defensive Midfield,8511,Thilo Kehrer,1,0,0,3,1,0,0,0,0,0,0,0.0,0,0,0,0,0,0,0,1,2.28,0,0,0,0,1,1,0,0,0,0,0,1,0,1,0,0,0,0,0,0,0
Germany - 1. Bundesliga,2015/2016,['Schalke 04'],Left Defensive Midfield,6324,Leon Goretzka,25,23,17,2085,2,6,5,0,37,10,1,2.51,3,22,952,783,140,7,15,752,5092.47,110,10,48,29,115,10,37,15,57,50,145,535,31,35,39,1,0,0,0,0,0
Germany - 1. Bundesliga,2015/2016,['Schalke 04'],Left Defensive Midfield,8824,Marco Höger,5,3,0,195,2,3,2,0,2,0,0,0.11,0,0,118,84,21,4,2,89,530.4,8,1,0,0,16,4,0,0,4,3,15,39,0,5,5,0,0,0,0,0,0
Germany - 1. Bundesliga,2015/2016,['Schalke 04'],Left Defensive Midfield,3570,Pierre-Emile Højbjerg,23,13,9,1359,10,4,3,0,22,8,0,1.27,1,6,783,682,104,3,34,685,4579.97,70,11,26,15,47,7,24,12,40,25,91,306,29,39,36,0,0,0,0,0,0
Germany - 1. Bundesliga,2015/2016,['Schalke 04'],Right Wing,11281,Alessandro Schöpf,13,5,1,506,8,4,1,0,14,7,3,2.02,1,7,176,128,26,9,4,207,1400.59,32,11,24,8,27,3,4,2,9,9,28,113,24,8,12,0,0,0,0,0,0
Germany - 1. Bundesliga,2015/2016,['Schalke 04'],Right Wing,3053,Leroy Sané,33,23,15,2419,10,9,4,0,68,26,8,6.59,6,21,616,477,71,26,8,893,7327.48,153,90,161,83,103,16,16,12,42,6,167,558,81,39,44,0,0,0,0,0,0
Germany - 1. Bundesliga,2015/2016,['Schalke 04'],Right Wing,9174,Marvin Friedrich,2,0,0,10,2,0,0,0,0,0,0,0.0,0,0,1,0,0,1,1,1,3.16,0,0,0,0,0,0,0,0,0,1,0,2,0,0,0,0,0,0,0,0,0
Germany - 1. Bundesliga,2015/2016,['Schalke 04'],Center Attacking Midfield,8508,Max Meyer,32,27,8,2380,5,19,4,0,46,22,5,4.23,6,37,1023,856,126,12,23,1066,7383.15,138,66,59,36,43,2,13,7,20,3,140,284,65,20,58,0,0,0,0,0,0
Germany - 1. Bundesliga,2015/2016,['Schalke 04'],Center Attacking Midfield,9097,Sidney Sam,2,0,0,22,2,0,0,0,3,1,0,0.32,0,0,9,5,1,0,0,15,138.77,3,1,0,0,0,0,0,0,1,0,5,7,3,0,1,0,0,0,0,0,0
Germany - 1. Bundesliga,2015/2016,['Schalke 04'],Center Attacking Midfield,5242,Younès Belhanda,15,8,4,860,7,4,2,0,13,7,2,1.13,1,19,408,321,51,6,11,375,2107.1,39,14,32,17,37,14,4,3,26,5,60,204,23,16,14,0,0,0,0,0,0
Germany - 1. Bundesliga,2015/2016,['Schalke 04'],Left Wing,3499,Eric Maxim Choupo-Moting,28,21,14,1968,7,7,1,0,50,16,6,3.87,2,31,732,529,114,39,20,842,5790.16,136,75,123,79,97,10,19,13,43,24,115,315,56,47,48,0,0,0,0,0,0
Germany - 1. Bundesliga,2015/2016,['Schalke 04'],Right Center Forward,8512,Franco Di Santo,25,13,8,1385,12,5,3,0,23,7,2,1.65,1,16,299,185,45,16,8,244,1547.42,31,23,17,8,69,5,4,1,25,14,29,313,24,34,16,0,0,0,0,0,0
Germany - 1. Bundesliga,2015/2016,['Schalke 04'],Left Center Forward,8582,Fabian Reese,1,0,0,7,1,0,0,0,0,0,0,0.0,0,1,3,2,0,0,0,2,3.75,0,0,0,0,0,0,0,0,0,0,0,1,0,0,0,0,0,0,0,0,0
Germany - 1. Bundesliga,2015/2016,['Schalke 04'],Center Forward,8060,Klaas-Jan Huntelaar,31,29,19,2575,2,10,2,0,73,26,12,12.64,3,22,520,386,38,14,6,425,1978.59,29,62,18,10,100,0,3,2,21,20,42,491,44,58,48,0,0,0,0,0,0
Germany - 1. Bundesliga,2015/2016,['VfB Stuttgart'],Goalkeeper,37112,Mitchell Langerak,2,2,2,189,0,0,0,0,0,0,0,0.0,0,0,57,31,49,0,1,24,136.64,2,0,0,0,0,0,0,0,0,0,10,4,0,0,0,0,6,18,12,0,0
Germany - 1. Bundesliga,2015/2016,['VfB Stuttgart'],Goalkeeper,10332,Odysseas Vlachodimos,3,2,2,216,1,0,0,0,0,0,0,0.0,0,0,60,39,38,0,0,31,147.94,0,0,0,0,0,0,0,0,0,0,7,0,0,0,0,0,8,11,5,0,0
Germany - 1. Bundesliga,2015/2016,['VfB Stuttgart'],Goalkeeper,9082,Przemysław Tytoń,30,30,29,2797,0,0,1,1,0,0,0,0.0,0,1,919,549,678,0,11,395,2238.48,41,0,0,0,0,0,0,0,0,0,165,8,0,3,3,0,61,228,120,1,4
Germany - 1. Bundesliga,2015/2016,['VfB Stuttgart'],Right Back,9728,Florian Klein,22,17,14,1655,5,2,4,1,14,2,0,0.61,1,12,670,481,159,29,10,363,2340.84,36,5,12,9,84,10,26,10,41,43,83,328,13,21,17,0,0,0,0,0,0
Germany - 1. Bundesliga,2015/2016,['VfB Stuttgart'],Right Back,20665,Kevin Großkreutz,10,10,10,936,0,0,3,0,6,1,0,0.6,0,6,448,339,94,17,9,280,1620.62,33,12,5,3,39,6,8,5,32,25,45,143,19,13,7,1,0,0,0,0,0
Germany - 1. Bundesliga,2015/2016,['VfB Stuttgart'],Right Back,11370,Matthias Zimmermann,2,2,1,171,0,1,0,0,1,0,0,0.01,0,1,79,53,25,3,2,41,240.83,7,0,3,2,7,1,3,2,6,4,11,30,1,0,0,0,0,0,0,0,0
Germany - 1. Bundesliga,2015/2016,['VfB Stuttgart'],Right Center Back,8270,Daniel Schwaab,29,26,25,2500,3,1,3,0,10,4,0,0.44,1,5,1187,904,427,9,29,747,4946.47,105,2,18,16,137,9,25,8,39,112,106,386,7,31,20,0,0,0,0,0,0
Germany - 1. Bundesliga,2015/2016,['VfB Stuttgart'],Right Center Back,38172,Toni Šunjić,19,17,12,1425,2,4,6,1,7,2,1,0.78,0,2,516,401,144,0,11,286,2130.4,40,1,4,4,74,6,25,5,22,122,54,176,1,28,12,0,0,0,0,0,0
Germany - 1. Bundesliga,2015/2016,['VfB Stuttgart'],Left Center Back,4683,Adam Hloušek,7,4,4,448,3,0,1,0,1,1,0,0.07,0,0,206,157,92,1,8,124,814.41,15,0,1,1,17,3,3,0,11,30,8,52,1,7,5,1,0,0,0,0,0
Germany - 1. Bundesliga,2015/2016,['VfB Stuttgart'],Left Center Back,17520,Federico Barba,2,2,0,142,0,2,0,0,1,1,1,0.1,0,0,75,60,13,0,3,48,202.28,2,0,0,0,5,0,4,1,5,7,8,19,0,3,2,1,0,0,0,0,0
Germany - 1. Bundesliga,2015/2016,['VfB Stuttgart'],Left Center Back,40470,Georg Niedermeier,18,16,15,1495,2,1,5,0,10,5,3,1.39,1,3,638,524,199,0,23,404,2991.37,42,1,0,0,50,5,20,6,38,73,49,127,1,22,8,2,0,0,0,0,0
Germany - 1. Bundesliga,2015/2016,['VfB Stuttgart'],Left Center Back,8956,Timo Baumgartl,19,17,16,1625,2,1,3,0,7,1,0,1.1,0,0,688,544,230,0,19,390,2966.88,50,0,2,0,80,9,12,2,49,108,55,234,4,18,19,1,0,0,0,0,0
Germany - 1. Bundesliga,2015/2016,['VfB Stuttgart'],Left Back,12626,Emiliano Insúa,33,33,30,3064,0,3,5,0,22,3,0,0.73,1,29,1678,1224,536,69,25,1002,6209.82,137,17,56,37,107,13,51,25,91,102,180,564,24,49,37,0,0,0,0,0,0
Germany - 1. Bundesliga,2015/2016,['VfB Stuttgart'],Right Defensive Midfield,11395,Lukas Rupp,29,24,14,2186,5,10,4,0,39,12,5,3.98,4,29,978,732,188,20,17,825,4911.13,92,35,48,30,122,16,29,14,71,22,177,706,51,39,25,0,0,0,0,0,0
Germany - 1. Bundesliga,2015/2016,['VfB Stuttgart'],Right Defensive Midfield,28601,Marvin Wanitzek,1,0,0,8,1,0,0,0,0,0,0,0.0,0,0,5,4,1,0,0,3,9.31,0,0,0,0,2,0,1,0,0,0,0,2,0,0,0,0,0,0,0,0,0
Germany - 1. Bundesliga,2015/2016,['VfB Stuttgart'],Center Defensive Midfield,34558,Geoffroy Serey Dié,23,23,11,1876,0,11,9,1,15,2,1,0.46,2,15,956,798,250,8,26,817,4907.87,91,5,60,39,75,17,25,14,33,29,190,415,18,43,28,0,0,0,0,0,0
Germany - 1. Bundesliga,2015/2016,['VfB Stuttgart'],Left Defensive Midfield,12583,Carlos Gruezo,2,1,0,63,1,1,0,0,0,0,0,0.0,0,0,18,10,4,0,1,11,29.11,0,0,0,0,3,0,1,1,1,0,6,23,1,1,0,0,0,0,0,0,0
Germany - 1. Bundesliga,2015/2016,['VfB Stuttgart'],Left Defensive Midfield,8959,Christian Gentner,29,29,24,2592,0,5,3,0,48,20,5,4.62,2,25,1354,993,324,33,23,960,5168.36,88,23,28,20,100,20,33,7,67,59,138,675,16,54,63,1,0,0,0,0,0
Germany - 1. Bundesliga,2015/2016,['VfB Stuttgart'],Left Defensive Midfield,7594,Mart Ristl,3,0,0,56,3,0,1,0,0,0,0,0.0,0,1,28,22,2,0,1,27,142.08,1,0,0,0,1,0,0,0,2,0,8,23,1,4,1,0,0,0,0,0,0
Germany - 1. Bundesliga,2015/2016,['VfB Stuttgart'],Left Center Midfield,43055,Arianit Ferati,3,0,0,85,3,1,0,0,1,0,0,0.08,1,3,46,36,12,2,0,40,238.9,5,1,4,2,7,1,0,0,1,0,4,20,1,2,0,0,0,0,0,0,0
Germany - 1. Bundesliga,2015/2016,['VfB Stuttgart'],Left Midfield,5591,Filip Kostić,30,30,20,2687,0,10,5,0,47,18,5,4.83,5,71,1089,589,184,162,104,975,9261.17,243,56,88,50,85,13,28,15,73,11,168,545,99,41,47,0,0,0,0,0,0
Germany - 1. Bundesliga,2015/2016,['VfB Stuttgart'],Left Midfield,9262,Philip Heise,5,1,1,164,4,0,0,0,3,1,0,0.16,0,0,90,66,23,2,3,62,406.75,7,2,4,1,5,0,2,0,4,5,9,37,1,1,6,0,0,0,0,0,0
Germany - 1. Bundesliga,2015/2016,"['Bayer Leverkusen', 'VfB Stuttgart']",Right Wing,5494,Robbie Kruse,12,2,1,497,10,1,2,0,7,0,0,0.55,0,5,170,114,11,11,2,151,1152.41,26,24,5,1,24,0,4,4,10,2,23,137,9,4,16,0,0,0,0,0,0
Germany - 1. Bundesliga,2015/2016,['VfB Stuttgart'],Center Attacking Midfield,8550,Alexandru Maxim,25,9,3,1136,16,6,1,0,29,11,1,2.09,5,29,627,456,104,27,38,497,2989.05,56,21,30,17,42,5,7,2,17,4,61,311,23,20,18,0,0,0,0,0,0
Germany - 1. Bundesliga,2015/2016,['VfB Stuttgart'],Center Attacking Midfield,8243,Daniel Didavi,31,30,14,2488,1,15,9,1,93,38,13,11.07,3,32,1027,752,218,47,38,890,5405.08,122,29,36,23,115,9,10,3,48,20,97,640,56,57,66,0,0,0,0,0,0
Germany - 1. Bundesliga,2015/2016,['VfB Stuttgart'],Right Center Forward,35496,Jan Kliment,8,0,0,191,8,0,1,0,3,3,1,0.09,0,3,45,34,1,3,0,46,266.04,6,3,5,2,19,2,0,0,0,0,4,41,6,6,1,0,0,0,0,0,0
Germany - 1. Bundesliga,2015/2016,['VfB Stuttgart'],Right Center Forward,8557,Martin Harnik,19,11,6,1055,8,5,2,0,32,15,2,4.94,0,9,335,223,39,15,8,282,1800.18,26,35,23,12,76,5,7,2,32,17,47,252,12,21,10,0,0,0,0,0,0
Germany - 1. Bundesliga,2015/2016,['VfB Stuttgart'],Left Center Forward,9409,Daniel Ginczek,7,7,7,663,0,0,1,0,18,8,3,3.87,1,12,190,111,24,7,1,140,803.6,10,18,21,13,41,0,1,1,11,7,19,163,7,14,15,0,0,0,0,0,0
Germany - 1. Bundesliga,2015/2016,['VfB Stuttgart'],Center Forward,27639,Artem Kravets,15,5,2,643,10,3,1,0,16,5,1,1.58,1,4,180,122,21,6,1,153,689.94,12,17,11,6,46,0,0,0,8,6,18,176,18,15,5,0,0,0,0,0,0
Germany - 1. Bundesliga,2015/2016,['VfB Stuttgart'],Center Forward,9266,Borys Tashchy,9,0,0,190,9,0,0,0,2,0,0,0.13,0,1,52,33,5,1,0,36,222.25,6,1,2,0,15,0,1,0,2,2,9,40,3,5,4,0,0,0,0,0,0
Germany - 1. Bundesliga,2015/2016,['VfB Stuttgart'],Center Forward,5557,Timo Werner,33,26,11,2272,7,15,0,0,64,22,6,10.15,3,17,562,382,62,31,6,553,3958.7,96,82,48,18,144,2,4,2,43,4,72,535,51,36,48,0,0,0,0,0,0
Germany - 1. Bundesliga,2015/2016,['Werder Bremen'],Goalkeeper,23269,Felix Wiedwald,34,34,34,3219,0,0,4,0,1,0,0,0.07,0,0,1033,633,819,0,22,495,3127.96,60,0,1,1,0,0,0,0,2,2,159,8,0,2,8,0,65,261,112,0,2
Germany - 1. Bundesliga,2015/2016,['Werder Bremen'],Right Back,9140,Luca Zander,2,1,0,107,1,1,0,0,0,0,0,0.0,0,0,35,23,12,0,0,19,89.55,2,0,0,0,4,0,4,3,5,3,4,18,0,0,1,0,0,0,0,0,0
Germany - 1. Bundesliga,2015/2016,['Werder Bremen'],Right Back,8396,Theodor Gebre Selassie,33,33,32,3110,0,1,5,0,18,5,1,1.29,2,23,1419,1030,341,47,18,760,4198.74,93,17,23,10,168,5,42,7,70,120,108,548,34,46,49,1,0,0,0,0,0
Germany - 1. Bundesliga,2015/2016,['Werder Bremen'],Right Center Back,6924,Alejandro Gálvez,21,15,11,1350,6,4,3,0,5,1,1,0.18,0,0,513,383,211,2,46,270,1559.55,20,0,3,2,54,6,32,4,20,61,57,225,4,25,7,1,0,0,0,0,0
Germany - 1. Bundesliga,2015/2016,['Werder Bremen'],Right Center Back,51388,Assani Lukimya,12,10,10,973,2,0,3,0,5,0,0,0.63,0,1,380,266,159,0,23,235,1582.4,26,5,1,0,59,9,9,4,20,67,35,139,9,23,8,0,0,0,0,0,0
Germany - 1. Bundesliga,2015/2016,['Werder Bremen'],Left Center Back,8815,Jannik Vestergaard,33,33,33,3125,0,0,2,0,34,7,2,2.32,0,4,1292,974,461,2,77,800,5655.93,123,1,15,11,152,15,41,15,72,217,131,343,10,25,30,0,0,0,0,0,0
Germany - 1. Bundesliga,2015/2016,['Werder Bremen'],Left Center Back,3774,Papy Djilobodji,14,14,14,1325,0,0,6,0,22,10,2,2.47,0,7,667,447,333,7,47,438,2930.32,40,2,12,12,32,6,32,10,32,101,75,99,3,18,10,1,0,0,0,0,0
Germany - 1. Bundesliga,2015/2016,['Werder Bremen'],Left Back,40479,Janek Sternberg,9,4,3,482,5,1,2,0,2,0,0,0.1,0,2,201,134,58,12,5,120,970.35,27,4,7,6,15,1,9,1,14,15,21,96,2,11,9,0,0,0,0,0,0
Germany - 1. Bundesliga,2015/2016,['Werder Bremen'],Left Back,15370,Leon Guwara,1,1,1,91,0,0,0,0,0,0,0,0.0,0,0,45,31,6,1,1,37,293.87,6,0,4,2,6,5,0,0,4,2,6,22,0,3,4,0,0,0,0,0,0
Germany - 1. Bundesliga,2015/2016,['Werder Bremen'],Left Back,26359,Santiago García,29,29,20,2575,0,9,9,0,14,1,0,0.94,2,28,1304,896,430,61,31,720,4031.85,84,17,34,21,122,11,58,23,70,81,118,385,21,52,68,0,0,0,0,0,0
Germany - 1. Bundesliga,2015/2016,['Werder Bremen'],Left Back,22043,Ulisses Garcia,11,7,3,620,4,4,3,0,11,3,0,0.47,0,5,243,174,50,11,1,226,1622.61,38,3,17,9,25,6,6,0,14,14,46,127,17,22,6,0,0,0,0,0,0
Germany - 1. Bundesliga,2015/2016,['Werder Bremen'],Right Defensive Midfield,20010,Clemens Fritz,29,29,21,2622,0,8,13,0,25,6,1,0.77,2,15,1035,764,270,16,36,999,7900.57,142,13,47,33,114,23,21,8,60,45,265,493,53,52,91,0,0,0,0,0,0
Germany - 1. Bundesliga,2015/2016,['Werder Bremen'],Right Defensive Midfield,6321,Milos Veljkovic,3,1,0,100,2,1,0,0,0,0,0,0.0,0,0,18,14,7,0,0,9,37.76,1,0,1,0,5,0,2,0,5,7,0,34,0,2,1,0,0,0,0,0,0
Germany - 1. Bundesliga,2015/2016,['Werder Bremen'],Center Defensive Midfield,8390,Philipp Bargfrede,14,14,11,1243,0,2,2,1,12,1,0,0.43,1,5,511,375,144,2,14,353,2194.75,32,1,8,4,62,11,20,5,34,20,90,286,3,29,22,0,0,0,0,0,0
Germany - 1. Bundesliga,2015/2016,['Werder Bremen'],Left Defensive Midfield,9257,Lukas Fröde,6,1,1,140,5,0,0,0,1,0,0,0.03,0,1,50,29,13,0,0,21,95.15,1,0,0,0,15,1,1,0,1,2,8,29,2,5,3,0,0,0,0,0,0
Germany - 1. Bundesliga,2015/2016,['Werder Bremen'],Right Midfield,8389,Fin Bartels,30,22,13,2171,8,8,6,1,43,20,8,7.13,1,21,663,487,115,30,19,710,5357.31,98,68,78,39,88,6,25,15,44,12,135,426,45,20,36,0,0,0,0,0,0
Germany - 1. Bundesliga,2015/2016,['Werder Bremen'],Right Midfield,8554,Levin Öztunalı,25,17,4,1465,8,13,2,0,24,6,1,1.4,3,15,375,231,50,39,6,459,4201.88,109,53,73,36,63,6,9,3,38,8,92,291,47,32,22,0,0,0,0,0,0
Germany - 1. Bundesliga,2015/2016,['Werder Bremen'],Right Center Midfield,16502,László Kleinheisler,6,1,0,215,5,1,0,0,4,1,0,0.16,0,1,78,59,15,5,2,80,474.09,8,2,10,5,8,0,1,1,4,0,16,45,3,6,7,0,0,0,0,0,0
Germany - 1. Bundesliga,2015/2016,['Werder Bremen'],Left Center Midfield,9178,Felix Kroos,8,2,0,288,6,2,0,0,7,0,0,1.08,0,3,101,75,22,1,4,67,351.21,6,0,2,1,12,1,5,1,6,9,18,71,2,7,5,0,0,0,0,0,0
Germany - 1. Bundesliga,2015/2016,['Werder Bremen'],Left Center Midfield,11396,Florian Grillitsch,25,23,15,2068,2,8,3,0,28,7,1,2.17,2,19,913,670,191,16,38,668,4027.98,67,19,27,12,93,10,52,21,51,28,134,574,31,27,43,0,0,0,0,0,0
Germany - 1. Bundesliga,2015/2016,['Werder Bremen'],Left Center Midfield,47881,Marcel Hilßner,1,0,0,37,1,0,0,0,0,0,0,0.0,0,0,12,7,4,0,0,5,20.07,0,0,0,0,0,0,0,0,2,0,1,7,0,0,1,0,0,0,0,0,0
Germany - 1. Bundesliga,2015/2016,['Werder Bremen'],Left Midfield,8369,Melvyn Lorenzen,9,1,0,180,8,1,0,0,1,1,0,0.06,0,0,24,13,2,2,0,41,367.93,8,1,9,3,9,0,2,0,6,0,4,58,6,5,4,0,0,0,0,0,0
Germany - 1. Bundesliga,2015/2016,['Werder Bremen'],Right Wing,23660,Sambou Yatabaré,8,6,1,502,2,5,3,0,8,2,1,1.24,1,5,223,127,44,25,8,195,1261.15,23,4,20,14,29,3,0,0,11,8,37,143,11,20,8,0,0,0,0,0,0
Germany - 1. Bundesliga,2015/2016,['Werder Bremen'],Right Wing,401376,Özkan Yıldırım,1,0,0,18,1,0,0,0,1,0,0,0.04,0,0,7,7,0,0,0,9,39.1,1,1,1,0,1,0,0,0,0,0,0,2,0,0,0,0,0,0,0,0,0
Germany - 1. Bundesliga,2015/2016,['Werder Bremen'],Center Attacking Midfield,8762,Zlatko Junuzović,30,26,19,2475,4,7,6,0,60,16,4,3.11,9,69,1071,679,301,71,74,761,4054.48,77,32,45,21,113,8,21,9,46,14,144,643,45,54,59,0,0,0,0,0,0
Germany - 1. Bundesliga,2015/2016,['Werder Bremen'],Right Center Forward,8402,Aron Jóhannsson,6,5,0,412,1,5,0,0,13,3,2,1.85,0,7,100,67,14,6,3,94,498.87,9,10,7,3,18,2,1,0,7,1,15,72,4,14,6,0,0,0,0,0,0
Germany - 1. Bundesliga,2015/2016,['Werder Bremen'],Left Center Forward,8401,Maximilian Eggestein,7,2,0,198,5,2,0,0,2,1,0,0.12,0,4,62,44,9,1,4,59,296.58,3,3,1,1,14,3,1,0,6,0,12,34,4,3,2,0,0,0,0,0,0
Germany - 1. Bundesliga,2015/2016,['Werder Bremen'],Center Forward,12624,Anthony Ujah,32,26,21,2467,6,5,2,0,64,24,11,11.49,0,18,593,359,74,14,3,443,2316.85,33,55,32,16,183,6,2,1,26,48,89,307,42,46,37,0,0,0,0,0,0
Germany - 1. Bundesliga,2015/2016,['Werder Bremen'],Center Forward,11132,Claudio Pizarro,28,17,9,1843,11,8,3,0,46,25,14,10.43,3,27,593,414,92,3,11,544,2915.3,42,37,46,29,118,6,11,5,44,10,98,299,59,33,23,0,0,0,0,0,0
Germany - 1. Bundesliga,2015/2016,['Werder Bremen'],Unknown,23198,Michael Zetterer,0,0,0,0,0,0,1,0,0,0,0,0.0,0,0,0,0,0,0,0,0,0.0,0,0,0,0,0,0,0,0,0,0,0,0,0,0,0,0,0,0,0,0,0
Germany - 1. Bundesliga,2015/2016,['Werder Bremen'],Center Forward,28571,Oliver Hüsing,1,0,0,11,1,0,0,0,0,0,0,0.0,0,0,1,0,1,0,0,0,0.0,0,0,0,0,0,0,0,0,0,2,0,0,0,0,0,0,0,0,0,0,0
Germany - 1. Bundesliga,2015/2016,['Wolfsburg'],Goalkeeper,4600,Diego Benaglio,21,21,21,1978,0,0,1,0,0,0,0,0.0,0,0,733,587,436,0,8,420,2235.61,27,0,0,0,0,0,0,0,0,0,122,2,0,1,3,0,39,142,60,0,5
Germany - 1. Bundesliga,2015/2016,['Wolfsburg'],Goalkeeper,8240,Koen Casteels,13,13,13,1227,0,0,1,0,0,0,0,0.0,0,0,486,352,310,0,10,286,1316.35,7,0,0,0,0,0,0,0,0,0,67,3,1,1,1,0,10,94,40,1,4
Germany - 1. Bundesliga,2015/2016,['Wolfsburg'],Right Back,23266,Christian Träsch,29,23,15,2157,6,8,2,0,8,1,0,0.18,1,24,1729,1363,462,82,59,1225,6894.52,147,7,43,23,94,16,29,12,44,69,128,418,28,32,32,0,0,0,0,0,0
Germany - 1. Bundesliga,2015/2016,['Wolfsburg'],Right Back,24919,Sebastian Jung,11,5,5,577,6,0,1,0,4,1,0,0.8,1,11,374,299,75,17,11,251,1297.62,23,2,9,7,23,2,4,2,12,15,20,105,5,5,6,0,0,0,0,0,0
Germany - 1. Bundesliga,2015/2016,['Wolfsburg'],Right Back,10790,Vieirinha,26,22,14,1979,4,8,3,0,28,9,1,1.65,5,31,1304,977,297,72,82,1063,5659.18,116,25,37,24,88,11,29,12,53,29,133,296,27,16,59,0,0,0,0,0,0
Germany - 1. Bundesliga,2015/2016,['Wolfsburg'],Right Center Back,12599,Carlos Ascues,1,0,0,11,1,0,0,0,0,0,0,0.0,0,0,6,5,3,0,0,7,42.77,1,0,1,1,0,0,0,0,1,0,0,0,0,1,0,0,0,0,0,0,0
Germany - 1. Bundesliga,2015/2016,['Wolfsburg'],Right Center Back,8516,Naldo,29,29,28,2716,0,1,2,0,50,11,0,2.22,0,9,1790,1552,559,4,70,1328,7500.77,183,4,11,11,97,10,43,15,56,136,137,252,7,36,26,0,0,0,0,0,0
Germany - 1. Bundesliga,2015/2016,['Wolfsburg'],Right Center Back,8239,Robin Knoche,11,9,8,855,2,1,1,0,3,1,1,0.84,0,3,608,528,142,0,15,469,2784.51,43,0,2,1,34,2,11,1,25,39,38,99,0,10,5,0,0,0,0,0,0
Germany - 1. Bundesliga,2015/2016,"['Bayern Munich', 'Wolfsburg']",Left Center Back,3197,Dante,24,23,21,2177,1,0,6,2,15,2,1,0.91,0,4,1678,1477,470,0,43,1300,6782.25,100,1,3,2,89,7,30,10,50,90,99,239,2,42,19,0,0,0,0,0,0
Germany - 1. Bundesliga,2015/2016,['Wolfsburg'],Left Center Back,9461,Timm Klose,8,7,7,668,1,0,1,0,6,2,1,0.37,0,0,485,434,115,0,23,360,2372.53,45,0,2,2,23,2,11,3,11,28,28,73,0,6,4,0,0,0,0,0,0
Germany - 1. Bundesliga,2015/2016,['Wolfsburg'],Left Back,40469,Marcel Schäfer,21,14,10,1381,7,4,1,0,12,5,1,0.87,2,32,772,590,166,45,30,516,2841.3,59,10,14,5,41,6,4,1,19,24,58,156,9,11,12,0,0,0,0,0,0
Germany - 1. Bundesliga,2015/2016,['Wolfsburg'],Left Back,5544,Ricardo Rodríguez,24,23,22,2160,1,1,3,0,26,9,2,1.92,3,33,1563,1266,360,68,116,1199,6233.01,90,9,24,19,83,8,15,6,60,59,129,280,26,26,19,0,0,0,0,0,0
Germany - 1. Bundesliga,2015/2016,['Wolfsburg'],Right Defensive Midfield,8230,Josuha Guilavogui,30,26,19,2430,4,7,3,0,24,9,2,1.26,0,18,1449,1273,263,6,50,1152,4768.98,64,12,20,12,108,22,44,16,53,51,161,535,24,63,30,0,0,0,0,0,0
Germany - 1. Bundesliga,2015/2016,['Wolfsburg'],Left Defensive Midfield,3545,Luiz Gustavo,22,22,16,1872,0,6,8,0,23,8,1,2.37,1,6,1087,955,169,7,40,957,5036.56,58,8,13,9,68,12,20,10,31,28,123,388,32,45,31,0,0,0,0,0,0
Germany - 1. Bundesliga,2015/2016,['Wolfsburg'],Left Defensive Midfield,8235,Maximilian Arnold,31,22,15,2144,9,7,4,0,27,11,3,1.68,2,44,1252,1055,241,15,61,1108,6175.77,104,12,16,13,75,7,18,10,28,15,121,477,42,53,87,0,0,0,0,0,0
Germany - 1. Bundesliga,2015/2016,['Wolfsburg'],Right Midfield,8521,Daniel Caligiuri,29,20,13,1920,9,7,4,0,41,19,2,2.65,5,26,844,644,136,48,22,967,6679.04,150,63,112,53,98,11,20,10,60,3,126,441,72,47,55,0,0,0,0,0,0
Germany - 1. Bundesliga,2015/2016,['Wolfsburg'],Right Center Midfield,23267,Paul Seguin,4,2,1,190,2,1,0,0,2,2,0,0.22,0,1,76,57,12,3,3,61,316.64,6,1,1,0,5,0,0,0,2,2,5,41,1,0,2,0,0,0,0,0,0
Germany - 1. Bundesliga,2015/2016,['Wolfsburg'],Right Wing,25152,Bruno Henrique,7,2,1,274,5,1,1,0,4,1,0,0.36,1,3,77,53,10,6,1,89,493.78,10,5,12,5,10,0,0,0,6,0,8,70,11,11,11,0,0,0,0,0,0
Germany - 1. Bundesliga,2015/2016,['Wolfsburg'],Right Wing,8478,Ismail Azzaoui,2,0,0,26,2,0,0,0,0,0,0,0.0,0,0,9,7,0,2,0,9,105.45,3,2,1,1,2,0,0,0,0,0,0,10,0,1,0,0,0,0,0,0,0
Germany - 1. Bundesliga,2015/2016,['Wolfsburg'],Center Attacking Midfield,28976,Francisco Rodríguez,1,0,0,14,1,0,0,0,0,0,0,0.0,0,1,19,16,5,0,1,18,124.6,2,0,0,0,1,1,0,0,0,0,3,0,0,0,0,0,0,0,0,0,0
Germany - 1. Bundesliga,2015/2016,"['Schalke 04', 'Wolfsburg']",Center Attacking Midfield,3186,Julian Draxler,24,22,11,1830,2,10,4,1,44,19,6,5.07,5,35,842,676,133,27,57,831,5721.26,99,42,85,51,51,4,12,8,16,8,98,211,35,27,23,0,0,0,0,0,0
Germany - 1. Bundesliga,2015/2016,['Wolfsburg'],Center Attacking Midfield,3089,Kevin De Bruyne,2,2,1,170,0,1,1,0,4,2,0,0.8,0,3,107,80,14,9,6,111,638.81,13,2,8,5,2,0,0,0,3,0,9,29,6,4,3,0,0,0,0,0,0
Germany - 1. Bundesliga,2015/2016,['Wolfsburg'],Center Attacking Midfield,55966,Leandro Putaro,4,0,0,65,4,0,0,0,1,1,0,0.2,0,0,12,9,1,0,0,9,61.17,1,1,3,1,1,0,0,0,1,0,1,6,0,1,0,0,0,0,0,0,0
Germany - 1. Bundesliga,2015/2016,['Wolfsburg'],Center Attacking Midfield,8386,Max Kruse,32,28,16,2516,4,12,3,0,61,29,6,6.76,6,45,1119,895,119,49,61,1015,6416.95,97,51,54,33,65,3,2,0,18,2,77,325,45,20,19,0,0,0,0,0,0
Germany - 1. Bundesliga,2015/2016,['Wolfsburg'],Left Wing,10281,André Schürrle,29,21,13,1987,8,8,5,0,68,29,9,6.85,3,18,732,570,66,38,12,759,5397.71,126,65,74,34,54,5,12,4,25,11,94,338,44,27,31,0,0,0,0,0,0
Germany - 1. Bundesliga,2015/2016,['Wolfsburg'],Left Wing,5474,Ivan Perišić,2,2,1,170,0,1,0,0,3,1,1,0.21,0,2,84,59,11,9,1,82,503.08,12,8,2,1,3,1,0,0,4,0,5,25,2,1,1,0,0,0,0,0,0
Germany - 1. Bundesliga,2015/2016,['Wolfsburg'],Center Forward,10594,Bas Dost,22,14,6,1439,8,8,0,0,41,14,8,7.74,2,10,398,311,34,4,4,245,736.73,9,15,4,2,52,1,2,1,9,13,17,155,10,17,10,0,0,0,0,0,0
Germany - 1. Bundesliga,2015/2016,['Wolfsburg'],Center Forward,20200,Nicklas Bendtner,13,4,0,452,9,4,2,0,9,2,2,2.02,0,3,104,70,13,1,1,94,371.52,5,8,1,0,27,0,0,0,3,5,14,67,12,8,4,0,0,0,0,0,0
